city,hour,T_road,T_can,Tmrt
Sanya,1,0,0,0
Sanya,2,0,0,0
Sanya,3,0,0,0
Sanya,4,0,0,0
Sanya,5,0,0,0
Sanya,6,0,0,0
Sanya,7,0,0,0.24349088239298666
Sanya,8,-0.202909777,-0.014394796,4.2193309835141255
Sanya,9,-0.514699698,-0.030575983,8.357110713358974
Sanya,10,-0.822958194,-0.014252235,11.412632302290763
Sanya,11,-1.001334524,-0.019255594,13.676032023533544
Sanya,12,-1.237730518,-0.02622659,14.584395309031947
Sanya,13,-1.608558773,-0.040480198,14.21779790363356
Sanya,14,-1.73829332,-0.051867186,12.74408225723631
Sanya,15,-1.671428889,-0.043649901,10.224308381831543
Sanya,16,-1.276937417,-0.030441864,7.205448585012618
Sanya,17,-0.818221257,-0.035136431,3.3842958697586067
Sanya,18,-0.480817425,-0.013083197,-0.229673711
Sanya,19,-0.322165747,-0.008462591,-0.247480566
Sanya,20,-0.233957661,-0.000527998,-0.183308815
Sanya,21,-0.187417628,-0.000423778,-0.151144646
Sanya,22,-0.158140628,0.002146695372259515,-0.129669327
Sanya,23,-0.135418369,0.000977662049896324,-0.113303651
Sanya,24,-0.118756456,-0.002329417,-0.101750889
Shanghai,1,-0.069487438,-0.011005454,-0.075205246
Shanghai,2,-0.066725062,-0.01398276,-0.07141969
Shanghai,3,-0.067253381,-0.017256153,-0.071043402
Shanghai,4,-0.059380033,-0.014692311,-0.06270665
Shanghai,5,-0.043412693,-0.00319632,-0.049290495
Shanghai,6,-0.051045991,-0.015445987,-0.056704305
Shanghai,7,-0.051549586,-0.015670908,1.3124156901534727
Shanghai,8,-0.034301162,-0.002998264,5.529114820524285
Shanghai,9,-0.441863518,-0.013265967,7.348586912944869
Shanghai,10,-1.053874317,-0.010817972,10.2789680751806
Shanghai,11,-1.685447863,-0.036679849,11.328472558649334
Shanghai,12,-2.084293236,-0.032436547,10.952767829457006
Shanghai,13,-2.270214938,-0.047872464,8.904377089242484
Shanghai,14,-2.073586641,-0.046891939,6.350176833161513
Shanghai,15,-1.61374207,-0.040145842,3.5797566693100933
Shanghai,16,-1.058552747,-0.029335305,0.14927999515714627
Shanghai,17,-0.595556222,-0.030588467,-0.53836148
Shanghai,18,-0.359025878,-0.013339508,-0.341199283
Shanghai,19,-0.27006809,-0.023686521,-0.271255381
Shanghai,20,-0.188276816,-0.0087486,-0.197547975
Shanghai,21,-0.162866099,-0.006902402,-0.180631447
Shanghai,22,-0.148300966,-0.018093796,-0.165370542
Shanghai,23,-0.11300361,-0.0059296,-0.130712074
Shanghai,24,-0.103586069,-0.004491814,-0.124141944
Dongguan,1,0,0,0
Dongguan,2,0,0,0
Dongguan,3,0,0,0
Dongguan,4,0,0,0
Dongguan,5,0,0,0
Dongguan,6,0,0,0
Dongguan,7,0,0,0.7293744111321088
Dongguan,8,0,0,4.8330742636698325
Dongguan,9,-0.267084474,-0.009991662,8.248205168703137
Dongguan,10,-0.749247717,-0.016775552,10.645068520644484
Dongguan,11,-1.22320747,-0.025528201,11.958030549106258
Dongguan,12,-1.523852162,-0.033343051,11.99990641335495
Dongguan,13,-1.748495762,-0.036658586,11.192337530696472
Dongguan,14,-1.810072365,-0.038204843,9.249484693253068
Dongguan,15,-1.598705002,-0.033990223,6.469772306654562
Dongguan,16,-1.215683762,-0.030588623,2.921628098239412
Dongguan,17,-0.857329949,-0.021365318,-0.45324244
Dongguan,18,-0.559265403,-0.019647522,-0.429542749
Dongguan,19,-0.350452696,-0.013046559,-0.278548594
Dongguan,20,-0.246984745,-0.009747617,-0.212232143
Dongguan,21,-0.208059692,-0.007726521,-0.184488645
Dongguan,22,-0.16267871,-0.006296362,-0.148611113
Dongguan,23,-0.12886057,-0.005126448,-0.121046695
Dongguan,24,-0.131041741,-0.005465766,-0.126980649
Zhongshan,1,0,0,0
Zhongshan,2,0,0,0
Zhongshan,3,0,0,0
Zhongshan,4,0,0,0
Zhongshan,5,0,0,0
Zhongshan,6,0,0,0
Zhongshan,7,0,0,0.731027855568663
Zhongshan,8,0,0,4.8336490139401995
Zhongshan,9,-0.237836441,-0.008485955,8.26366164796923
Zhongshan,10,-0.675999862,-0.013803582,10.677466812883598
Zhongshan,11,-1.1169331,-0.021223377,12.003818238352887
Zhongshan,12,-1.405323133,-0.027969181,12.057318297280434
Zhongshan,13,-1.621579636,-0.031399173,11.250171756996744
Zhongshan,14,-1.682794474,-0.032934214,9.306910478844934
Zhongshan,15,-1.486538546,-0.028937614,6.518616089378359
Zhongshan,16,-1.13159477,-0.027010067,2.95734061143684
Zhongshan,17,-0.804253091,-0.018994398,-0.430252977
Zhongshan,18,-0.527999743,-0.017601816,-0.41471663
Zhongshan,19,-0.33294801,-0.012014057,-0.269188746
Zhongshan,20,-0.235688652,-0.009048281,-0.204738529
Zhongshan,21,-0.19668614,-0.006919682,-0.17482368
Zhongshan,22,-0.154794443,-0.005753978,-0.141187077
Zhongshan,23,-0.122830005,-0.004687888,-0.114335478
Zhongshan,24,-0.123181675,-0.004351728,-0.116320381
Foshan,1,0,0,0
Foshan,2,0,0,0
Foshan,3,0,0,0
Foshan,4,0,0,0
Foshan,5,0,0,0
Foshan,6,0,0,0
Foshan,7,0,0,0.5076990360471366
Foshan,8,0,0,4.493180280896798
Foshan,9,-0.054791493,-0.003289108,8.287928823131379
Foshan,10,-0.298258408,-0.009262939,10.962157666969302
Foshan,11,-0.704562893,-0.012709011,12.291320153655322
Foshan,12,-0.975768354,-0.022125467,12.436591962233537
Foshan,13,-1.101662055,-0.022243785,11.783308674870021
Foshan,14,-1.222768581,-0.023376766,9.895413041689311
Foshan,15,-1.219777198,-0.007197369,7.0534425684997615
Foshan,16,-1.052688503,-0.023439323,3.327127277759472
Foshan,17,-0.80686485,-0.020573782,-0.265231774
Foshan,18,-0.514239779,-0.027346209,-0.39834162
Foshan,19,-0.2886845,-0.0101299,-0.221151681
Foshan,20,-0.199399113,-0.006762159,-0.15991774
Foshan,21,-0.157950948,-0.006680941,-0.132040668
Foshan,22,-0.128250169,-0.003851581,-0.111757138
Foshan,23,-0.108924476,-0.003311683,-0.097801965
Foshan,24,-0.098593851,-0.005957428,-0.091009652
Baoding,1,-0.000474579,8.752935931794674e-05,-0.000381264
Baoding,2,-0.000515902,9.596154930251631e-05,-0.000426438
Baoding,3,-0.00053049,0.00010171068671480419,-0.000450592
Baoding,4,-0.00053322,0.0008639428767783619,-0.000380036
Baoding,5,-0.000579113,-0.000982291,-0.000630853
Baoding,6,-0.000562239,5.510430812652628e-05,-0.000489015
Baoding,7,-0.001248675,-0.001166307,-0.001415331
Baoding,8,-0.001248039,-0.001212859,2.0183486129127375
Baoding,9,-0.137352286,-0.000417467,5.782885245782026
Baoding,10,-0.526352155,0.013555793046020012,6.24755264893792
Baoding,11,-0.99318225,-0.046991425,7.4809131037973575
Baoding,12,-1.372032607,-0.120880544,9.40911035225941
Baoding,13,-1.511137236,-0.112753158,6.0735609640791655
Baoding,14,-1.427128679,-0.097194946,5.516079447094171
Baoding,15,-1.193884577,-0.058027669,3.0243267119591035
Baoding,16,-0.935636307,-0.043884265,-0.131144751
Baoding,17,-0.782069536,-0.024212789,-0.747970511
Baoding,18,-0.593521729,-0.045286363,-0.549236056
Baoding,19,-0.440272614,-0.037834266,-0.439297333
Baoding,20,-0.356168842,-0.036159217,-0.368189777
Baoding,21,-0.298189892,-0.030961505,-0.307210078
Baoding,22,-0.255371888,-0.028806867,-0.280316059
Baoding,23,-0.222498766,-0.026545337,-0.251050493
Baoding,24,-0.196307407,-0.023788152,-0.226322549
Lanzhou,1,-0.08616241,0.038150112968932795,-0.086010976
Lanzhou,2,-0.062801037,0.0484680256252511,-0.063700415
Lanzhou,3,-0.057864528,0.03261728812743358,-0.058511785
Lanzhou,4,-0.032704196,0.050855898673707836,-0.032567944
Lanzhou,5,-0.062296152,-0.00290427,-0.069331024
Lanzhou,6,-0.064215224,-0.002607233,-0.068952005
Lanzhou,7,-0.05901191,-0.003964838,-0.063819972
Lanzhou,8,-0.030335121,0.022986430550102414,0.42076668912017184
Lanzhou,9,-0.323233953,0.02032164616720723,5.256338374430135
Lanzhou,10,-0.98355945,-0.037310303,9.278824209921188
Lanzhou,11,-1.826235632,-0.095713393,12.036746778123076
Lanzhou,12,-2.337538598,-0.169101512,12.799871721579462
Lanzhou,13,-2.396857407,-0.163540275,12.43043745300473
Lanzhou,14,-2.323024065,-0.205283272,12.738662722470195
Lanzhou,15,-1.931094026,-0.120885169,9.577686299788681
Lanzhou,16,-1.508229136,-0.084849737,6.420233632492894
Lanzhou,17,-1.186204801,-0.089354548,2.4467258686763054
Lanzhou,18,-0.822390694,-0.052937636,-0.642842784
Lanzhou,19,-0.486574754,0.021647146924840932,-0.381210769
Lanzhou,20,-0.331816207,0.03282105174567905,-0.265878708
Lanzhou,21,-0.272695908,0.023286121841037975,-0.228549418
Lanzhou,22,-0.237974508,0.01863455016346454,-0.203806618
Lanzhou,23,-0.20197409,0.04247404989002286,-0.172157619
Lanzhou,24,-0.185960912,0.03440668391507951,-0.163158781
Beijing,1,-0.23195544,-0.010013531,-0.280582855
Beijing,2,-0.206166741,-0.006523068,-0.253523578
Beijing,3,-0.183811865,-0.002788675,-0.227930219
Beijing,4,-0.166121906,-0.002171084,-0.208768154
Beijing,5,-0.15108115,1.2434471815288016e-05,-0.191444795
Beijing,6,-0.137985994,0.0008289842065264555,-0.175110301
Beijing,7,-0.126861125,-0.004591787,-0.157817421
Beijing,8,-0.112827342,-0.005123467,2.1043025912661655
Beijing,9,-0.332696276,0.0034571165557468475,5.079646365566798
Beijing,10,-0.82118209,0.026746523178276246,6.774201606082036
Beijing,11,-1.236043163,0.06010013366513277,7.52546117211858
Beijing,12,-1.533826452,-0.019585421,8.846306867288144
Beijing,13,-1.619891705,-0.012942747,6.2005496499705846
Beijing,14,-1.517117733,-0.085276302,6.283892345340078
Beijing,15,-1.291298746,-0.077279199,3.021083635511471
Beijing,16,-1.061419625,-0.056219712,0.13901095691482496
Beijing,17,-0.782731178,-0.053558284,-0.707616863
Beijing,18,-0.530818932,-0.041487474,-0.504872204
Beijing,19,-0.38078721,-0.024675373,-0.383948274
Beijing,20,-0.309300295,-0.016841283,-0.326299495
Beijing,21,-0.266116461,-0.014658514,-0.290074048
Beijing,22,-0.236578092,-0.01236991,-0.266415452
Beijing,23,-0.218318036,-0.008725665,-0.251774499
Beijing,24,-0.199585232,-0.007500793,-0.234163142
Nanjing,1,0,0,0
Nanjing,2,0,0,0
Nanjing,3,0,0,0
Nanjing,4,0,0,0
Nanjing,5,0,0,0
Nanjing,6,0,0,0
Nanjing,7,0,0,0.7482886295547668
Nanjing,8,0,0,4.197965328036555
Nanjing,9,-0.295261027,-0.005555176,6.759848808956597
Nanjing,10,-0.77303414,-0.024427186,7.868850533854777
Nanjing,11,-1.289170553,-0.038169898,8.509718622446968
Nanjing,12,-1.662861598,-0.044849876,8.799009246320132
Nanjing,13,-1.748524542,-0.045708748,7.417440879485687
Nanjing,14,-1.605499295,-0.049845536,5.351424564048143
Nanjing,15,-1.288127301,-0.041397431,3.1916779436588367
Nanjing,16,-0.920979078,-0.02912213,0.03696013821392886
Nanjing,17,-0.684433027,-0.061540511,-0.69048775
Nanjing,18,-0.489278385,-0.025477086,-0.496541422
Nanjing,19,-0.371473425,-0.026191289,-0.391653626
Nanjing,20,-0.298079776,-0.017741697,-0.325513141
Nanjing,21,-0.255991705,-0.016511838,-0.288923471
Nanjing,22,-0.228029051,-0.018358833,-0.263604024
Nanjing,23,-0.200190457,-0.018106639,-0.23649313
Nanjing,24,-0.177131127,-0.018624416,-0.213797593
Nanning,1,-0.434776728,-0.015675469,-0.399004285
Nanning,2,-0.367315962,-0.006310656,-0.332947684
Nanning,3,-0.307831976,-0.000178543,-0.280698359
Nanning,4,-0.2582804,0.0047306792164321584,-0.238526566
Nanning,5,-0.218124275,0.00906290418384164,-0.205367455
Nanning,6,-0.183664074,0.01374404338547622,-0.176088028
Nanning,7,-0.1526503,0.01686707376767731,-0.146421533
Nanning,8,-0.23952693,0.006414504578427809,2.8614256533974367
Nanning,9,-0.550158067,-0.104030849,6.771836525182909
Nanning,10,-0.912124884,0.02341323422238311,10.039732245087464
Nanning,11,-1.409756178,0.07042424980003634,11.8883954456768
Nanning,12,-1.977376727,-0.000642223,12.685729537302597
Nanning,13,-2.367621421,-0.025010327,12.447265957376466
Nanning,14,-2.104637386,0.003270351670023405,11.606045662994548
Nanning,15,-1.448358267,-0.026046494,9.879281532196298
Nanning,16,-1.05910846,-0.023013069,6.783823725910503
Nanning,17,-0.743808033,0.11248238628073462,2.8515554533089174
Nanning,18,-0.505618477,-0.010837196,-0.364919536
Nanning,19,-0.337098631,-0.019360854,-0.265708857
Nanning,20,-0.263011353,-0.020437458,-0.216965295
Nanning,21,-0.221376484,-0.019238141,-0.188638533
Nanning,22,-0.19175017,-0.018097923,-0.167544056
Nanning,23,-0.172469538,-0.024579903,-0.155698461
Nanning,24,-0.150676152,-0.014797325,-0.137197256
Nanchang,1,-0.0399518,-0.002070122,-0.035891431
Nanchang,2,-0.036102921,-0.002228331,-0.032837654
Nanchang,3,-0.033132407,-0.002897039,-0.030346226
Nanchang,4,-0.030119601,-0.002211345,-0.027820181
Nanchang,5,-0.027035932,-0.001597236,-0.025021916
Nanchang,6,-0.024185618,-0.001204027,-0.02231839
Nanchang,7,-0.021636131,-0.00114924,0.19451454103981583
Nanchang,8,-0.019957481,-0.001339055,4.094590900597985
Nanchang,9,-0.203838284,-0.019548358,7.886411931882637
Nanchang,10,-0.582704103,-0.00887376,10.123676496618568
Nanchang,11,-1.161100341,-0.043969436,11.095914366802521
Nanchang,12,-1.648118253,-0.043060923,12.00277363635701
Nanchang,13,-1.948523656,-0.029821878,10.592891195630402
Nanchang,14,-1.94159305,-0.063418672,8.506733965648584
Nanchang,15,-1.586429981,-0.035391449,6.0983742538522625
Nanchang,16,-1.151158355,-0.017246119,2.4291541922798108
Nanchang,17,-0.797465831,-0.061445899,-0.569935971
Nanchang,18,-0.513337074,-0.042782919,-0.38348886
Nanchang,19,-0.336927262,-0.026905958,-0.262533807
Nanchang,20,-0.252210707,-0.019893773,-0.203735299
Nanchang,21,-0.204053452,-0.015346478,-0.167937257
Nanchang,22,-0.174557572,-0.012981502,-0.149302047
Nanchang,23,-0.154113057,-0.011085086,-0.134541657
Nanchang,24,-0.138298022,-0.009685859,-0.121180982
Nantong,1,0,0,0
Nantong,2,0,0,0
Nantong,3,0,0,0
Nantong,4,0,0,0
Nantong,5,0,0,0
Nantong,6,0,0,0
Nantong,7,0,0,0.865668165294998
Nantong,8,0,0,4.604186613865012
Nantong,9,-0.433688909,-0.009462187,7.121961145185136
Nantong,10,-1.158205294,-0.0239482,8.827447007483933
Nantong,11,-1.920708704,-0.037556495,11.36164020156306
Nantong,12,-2.511595969,-0.047746443,10.233175316611558
Nantong,13,-2.75103872,-0.052204736,9.554795328550584
Nantong,14,-2.614214977,-0.052090137,7.2233990307464575
Nantong,15,-2.136640168,-0.044958215,3.692064634909351
Nantong,16,-1.485368043,-0.032190635,0.6304441940606811
Nantong,17,-0.935262877,-0.019925297,-0.950598929
Nantong,18,-0.624886276,-0.022789474,-0.552316948
Nantong,19,-0.432268638,-0.014285971,-0.388782627
Nantong,20,-0.340978859,-0.010465538,-0.313143078
Nantong,21,-0.289928837,-0.009295836,-0.278267548
Nantong,22,-0.258507777,-0.008656416,-0.253625186
Nantong,23,-0.232573047,-0.00745483,-0.232532564
Nantong,24,-0.208683073,-0.00660544,-0.211898127
Xiamen,1,-0.150219062,-0.005056839,-0.138685915
Xiamen,2,-0.141918021,-0.005761982,-0.130173477
Xiamen,3,-0.123169597,-0.017965037,-0.117259892
Xiamen,4,-0.112751066,-0.011239339,-0.105898785
Xiamen,5,-0.092784463,-0.006538674,-0.087278217
Xiamen,6,-0.088181639,-0.016137256,-0.061174767
Xiamen,7,-0.075760039,-0.000403348,3.682262022719284
Xiamen,8,-0.412292966,-0.010278161,7.267714162688702
Xiamen,9,-1.463121117,-0.028097416,9.558833081969285
Xiamen,10,-2.654066997,-0.031941552,12.505662862580074
Xiamen,11,-3.764808614,-0.040187033,12.097953073724284
Xiamen,12,-4.474295455,-0.080278355,12.697329391606587
Xiamen,13,-4.613187717,-0.061235717,10.840300746893481
Xiamen,14,-4.235305775,-0.070297608,9.22204832287429
Xiamen,15,-3.451964676,-0.07603007,7.31369509382752
Xiamen,16,-2.493920735,-0.049996919,3.850299277089705
Xiamen,17,-1.648714309,-0.037109847,0.24040018498855673
Xiamen,18,-1.124430549,0.002254096348723597,-0.949185773
Xiamen,19,-0.818949828,-0.033915007,-0.659715736
Xiamen,20,-0.591800497,-0.028862183,-0.479298078
Xiamen,21,-0.51239267,-0.027357483,-0.419993089
Xiamen,22,-0.428045767,-0.024492966,-0.357339521
Xiamen,23,-0.370561543,-0.02434767,-0.315157117
Xiamen,24,-0.346175103,-0.020032645,-0.293803697
Taizhou,1,0,0,0
Taizhou,2,0,0,0
Taizhou,3,0,0,0
Taizhou,4,0,0,0
Taizhou,5,0,0,0
Taizhou,6,0,0,0
Taizhou,7,0,0,1.7627599563473724
Taizhou,8,0,0,5.885880565889419
Taizhou,9,-0.180217655,-0.001715898,9.629824519098491
Taizhou,10,-0.375555153,-0.002347651,11.130872467704204
Taizhou,11,-0.526752281,-0.000376589,13.141979009222673
Taizhou,12,-0.628300653,-0.005171559,13.313566804305093
Taizhou,13,-0.628675598,-0.004316293,11.654863902329987
Taizhou,14,-0.612751893,-0.003152385,9.313997038071706
Taizhou,15,-0.541982284,-0.006555314,6.165769739866594
Taizhou,16,-0.445232503,-0.006211386,1.9080657870136344
Taizhou,17,-0.343076761,-0.007836554,-0.254057444
Taizhou,18,-0.193754753,-0.005437649,-0.141573807
Taizhou,19,-0.116503365,-0.00288144,-0.088786509
Taizhou,20,-0.086817735,-0.00293178,-0.069354051
Taizhou,21,-0.070747078,-0.002566142,-0.058649434
Taizhou,22,-0.060273152,-0.00223536,-0.051509549
Taizhou,23,-0.052596551,-0.001960912,-0.046118891
Taizhou,24,-0.047023974,-0.001844711,-0.042387873
Hefei,1,-0.136771199,0.013079883217083614,-0.168568228
Hefei,2,-0.113375281,0.019668477449814013,-0.142033818
Hefei,3,-0.105871469,0.007408309235139861,-0.131622577
Hefei,4,-0.088722691,0.01742013914034659,-0.113759633
Hefei,5,-0.081864664,0.012319391105506117,-0.10719586
Hefei,6,-0.074823675,0.010400490339935318,-0.094718984
Hefei,7,-0.058885317,0.019666980231103758,0.05835921761570598
Hefei,8,-0.055913564,0.01313106569385745,3.3658159287770633
Hefei,9,-0.284389806,0.011675353354106173,6.150906058186145
Hefei,10,-0.799712167,-0.027184862,9.595133438075168
Hefei,11,-1.224464335,-0.025849124,8.772156235762964
Hefei,12,-1.550220341,-0.058323168,11.238923563843759
Hefei,13,-1.720399052,-0.045933951,9.025897117582264
Hefei,14,-1.740784203,-0.084525294,6.238932123579599
Hefei,15,-1.475942275,-0.077938474,4.590397219986178
Hefei,16,-1.126196151,-0.030267404,1.2030771935758082
Hefei,17,-0.812094164,-0.018715833,-0.730105385
Hefei,18,-0.565053346,-0.031730622,-0.497704687
Hefei,19,-0.372918143,-0.014306279,-0.356969507
Hefei,20,-0.275103904,0.0005741543995086238,-0.275933646
Hefei,21,-0.220044143,0.0032608473948665608,-0.221599738
Hefei,22,-0.171973046,0.017745455200496772,-0.187564318
Hefei,23,-0.147344602,0.012394564960139754,-0.167374754
Hefei,24,-0.131223715,0.006213847133106559,-0.153301269
Hohhot,1,0,0,0
Hohhot,2,0,0,0
Hohhot,3,0,0,0
Hohhot,4,0,0,0
Hohhot,5,0,0,0
Hohhot,6,0,0,0
Hohhot,7,0,0,0
Hohhot,8,0,0,1.0518454977822715
Hohhot,9,-0.320422773,-0.012113817,3.810211910603474
Hohhot,10,-0.813225927,-0.048471357,7.0325731818991715
Hohhot,11,-1.302074061,-0.078678018,7.135805287365956
Hohhot,12,-1.569990122,-0.066892088,10.369553331488527
Hohhot,13,-1.571993934,-0.068108452,7.604102219454625
Hohhot,14,-1.339915588,-0.056550192,5.456023192177958
Hohhot,15,-1.014372514,-0.081295259,3.7288582400327877
Hohhot,16,-0.757183868,-0.044162817,1.2949189679982867
Hohhot,17,-0.584968029,-0.024527609,-0.561069969
Hohhot,18,-0.414259118,-0.032408746,-0.414816689
Hohhot,19,-0.303742694,-0.018977225,-0.318224413
Hohhot,20,-0.236375444,-0.010695479,-0.258001685
Hohhot,21,-0.188206726,-0.003500697,-0.213419157
Hohhot,22,-0.158099047,-0.001660362,-0.186270973
Hohhot,23,-0.132100482,0.0032887774226732372,-0.16387525
Hohhot,24,-0.110877513,0.011909452138067076,-0.140664148
Harbin,1,0,0,0
Harbin,2,0,0,0
Harbin,3,0,0,0
Harbin,4,0,0,0
Harbin,5,0,0,0
Harbin,6,0,0,0
Harbin,7,0,0,0.23657496057423014
Harbin,8,0,0,3.0163626841150917
Harbin,9,-0.103755981,-0.002052984,5.476568415759868
Harbin,10,-0.322794076,-0.007780079,6.826616211863826
Harbin,11,-0.588100977,-0.014157008,6.5666261740794205
Harbin,12,-0.80228977,-0.019028092,8.06986815281395
Harbin,13,-0.904287683,-0.022302719,5.720011423944104
Harbin,14,-0.846761723,-0.023279498,3.3399453196376316
Harbin,15,-0.656000381,-0.018325915,0.05234123041571506
Harbin,16,-0.370335819,-0.00680395,-0.36511233
Harbin,17,-0.222238738,-0.012933072,-0.23341669
Harbin,18,-0.138943755,-0.013197505,-0.164896535
Harbin,19,-0.102803903,-0.005090533,-0.131383783
Harbin,20,-0.081389667,-0.003750493,-0.111031229
Harbin,21,-0.068429456,-0.005678113,-0.098104254
Harbin,22,-0.058049817,-0.003454059,-0.087124337
Harbin,23,-0.049901342,-0.00619864,-0.078429588
Harbin,24,-0.043387972,-0.004595486,-0.070524787
Tangshan,1,0,0,0
Tangshan,2,0,0,0
Tangshan,3,0,0,0
Tangshan,4,0,0,0
Tangshan,5,0,0,0
Tangshan,6,0,0,0
Tangshan,7,0,0,0.004246857015040821
Tangshan,8,0,0,2.5482495221493693
Tangshan,9,-0.197186461,-0.004883107,6.9906143278462105
Tangshan,10,-0.76613766,-0.017843293,8.838525054057422
Tangshan,11,-1.45291873,-0.036724643,8.593208165193685
Tangshan,12,-1.911008933,-0.041811529,8.010686408907883
Tangshan,13,-2.023001396,-0.042643888,7.775317117400002
Tangshan,14,-1.894729382,-0.044002211,6.276700381077628
Tangshan,15,-1.487907042,-0.033810246,2.827880616897515
Tangshan,16,-1.022508065,-0.023345402,-0.163814409
Tangshan,17,-0.704769334,-0.022488606,-0.634818755
Tangshan,18,-0.493729755,-0.016960019,-0.45555176
Tangshan,19,-0.342361011,-0.012175427,-0.336080871
Tangshan,20,-0.269200739,-0.010001036,-0.278768684
Tangshan,21,-0.227126878,-0.00868382,-0.244679393
Tangshan,22,-0.201687857,-0.008203216,-0.223173506
Tangshan,23,-0.180691409,-0.007630887,-0.205096144
Tangshan,24,-0.16180653,-0.006807804,-0.187178543
Jiaxing,1,-0.139911441,-0.006672057,-0.168935377
Jiaxing,2,-0.127392408,-0.006185048,-0.155577777
Jiaxing,3,-0.115702329,-0.005641171,-0.142600793
Jiaxing,4,-0.106952184,-0.005342941,-0.133004374
Jiaxing,5,-0.100788585,-0.005216971,-0.126238313
Jiaxing,6,-0.096600457,-0.002868129,-0.118056552
Jiaxing,7,-0.089583757,-0.003097288,1.2850646945755497
Jiaxing,8,-0.084808956,-0.002951242,6.2122500459323895
Jiaxing,9,-0.550261951,-0.010407744,8.700960154464825
Jiaxing,10,-1.250979238,-0.024769973,9.244605614067956
Jiaxing,11,-1.972025612,-0.043712672,10.399991551270254
Jiaxing,12,-2.507790412,-0.057091611,11.63404055822609
Jiaxing,13,-2.702348143,-0.057507853,9.130249542157921
Jiaxing,14,-2.528946908,-0.040323616,6.821756150326058
Jiaxing,15,-2.086106283,-0.052983728,4.300614941687032
Jiaxing,16,-1.507393788,-0.040460597,0.705903594800385
Jiaxing,17,-1.015008062,-0.033550362,-1.153103162
Jiaxing,18,-0.769001474,-0.05291355,-0.748624637
Jiaxing,19,-0.5855904,-0.024232829,-0.572091371
Jiaxing,20,-0.479317818,-0.020605812,-0.470920161
Jiaxing,21,-0.397194557,-0.018778023,-0.402700451
Jiaxing,22,-0.329008288,-0.017613543,-0.346342958
Jiaxing,23,-0.284297028,-0.015284476,-0.308530336
Jiaxing,24,-0.249696194,-0.013411242,-0.276654295
Dalian,1,-0.055720071,-0.00197553,-0.069505737
Dalian,2,-0.051544297,-0.00169596,-0.065520398
Dalian,3,-0.046090126,-0.001754476,-0.059256672
Dalian,4,-0.041824325,-0.001545434,-0.054191075
Dalian,5,-0.038283276,-0.001744768,-0.050550584
Dalian,6,-0.034413588,-0.001338111,-0.04538443
Dalian,7,-0.030570431,-0.00057792,0.19559776108958404
Dalian,8,-0.027806114,-0.00158415,4.286008046565966
Dalian,9,-0.211575134,-0.005275488,7.8131282038486525
Dalian,10,-0.515257088,-0.0094779,9.993562525907992
Dalian,11,-0.864384609,-0.017229333,11.082952502776918
Dalian,12,-1.149989539,-0.022293623,10.840976158274973
Dalian,13,-1.256068591,-0.022476519,9.550571484151058
Dalian,14,-1.229321507,-0.026126772,7.0155189188543785
Dalian,15,-1.015722226,-0.019735768,3.54257356983608
Dalian,16,-0.749273648,-0.019081609,-0.301864515
Dalian,17,-0.496380966,-0.008772409,-0.430195001
Dalian,18,-0.299794566,-0.016441328,-0.27525784
Dalian,19,-0.201201845,-0.006942199,-0.195596614
Dalian,20,-0.163961053,-0.006676367,-0.168880704
Dalian,21,-0.13814943,-0.005071997,-0.148788752
Dalian,22,-0.122387798,-0.004663807,-0.136628723
Dalian,23,-0.109180572,-0.005077572,-0.12490142
Dalian,24,-0.099170843,-0.002963178,-0.115988874
Tianjin,1,-0.13741413,0.002559759938963141,-0.130411553
Tianjin,2,-0.117423693,0.0013420079108798213,-0.106869721
Tianjin,3,-0.101924653,0.0070651577842017164,-0.09553143
Tianjin,4,-0.090488192,0.0034903136784529515,-0.083815034
Tianjin,5,-0.078010857,0.0012821780311601972,-0.070481216
Tianjin,6,-0.065643623,-0.000206864,-0.056299403
Tianjin,7,-0.065115627,-0.001133812,-0.04268604
Tianjin,8,-0.059666397,0.0022048205243271504,2.6571775102107194
Tianjin,9,-0.298207259,-0.000775375,5.775515873688458
Tianjin,10,-0.966520694,-0.016729231,7.138128114555971
Tianjin,11,-1.695708033,-0.0304234,10.681590118942523
Tianjin,12,-2.206853452,-0.038092493,7.775950042916281
Tianjin,13,-2.35920183,-0.04549353,8.17359327629259
Tianjin,14,-2.178591268,-0.041154727,6.419698631598624
Tianjin,15,-1.736176365,-0.033274947,4.324950424774323
Tianjin,16,-1.257517542,-0.028414947,1.0133181924503452
Tianjin,17,-0.93042397,-0.021213115,-0.942474029
Tianjin,18,-0.724926446,-0.037881858,-0.668703406
Tianjin,19,-0.519239756,-0.015094721,-0.484125117
Tianjin,20,-0.367111441,-0.012072436,-0.351816461
Tianjin,21,-0.304101692,-0.007336892,-0.297369423
Tianjin,22,-0.258061891,-0.006537096,-0.256371163
Tianjin,23,-0.232570772,-0.004531382,-0.232293974
Tianjin,24,-0.206363848,-0.003402892,-0.205748209
Taiyuan,1,-0.16536698,-0.016634129,-0.233324839
Taiyuan,2,-0.159914471,-0.017184002,-0.225904877
Taiyuan,3,-0.140728681,-0.009050703,-0.205200275
Taiyuan,4,-0.140105132,-0.021023244,-0.202985884
Taiyuan,5,-0.136818357,-0.026251881,-0.196571366
Taiyuan,6,-0.122495319,-0.006085877,-0.179655242
Taiyuan,7,-0.111488848,-0.0033951,-0.166126022
Taiyuan,8,-0.24331887,0.0021735618050931988,1.4464907057012555
Taiyuan,9,-0.755112949,-0.021307577,4.278169595359389
Taiyuan,10,-1.363071499,-0.033129636,8.571026936953494
Taiyuan,11,-1.874043254,-0.020786889,8.546489320547165
Taiyuan,12,-2.195779287,-0.013670682,8.675413549761252
Taiyuan,13,-2.207403926,-0.006077115,10.051762190539053
Taiyuan,14,-1.942494013,-0.000662519,7.212082677913735
Taiyuan,15,-1.532585449,-0.003938005,4.736332421112473
Taiyuan,16,-1.190707853,0.005522406630632003,1.8123357788155114
Taiyuan,17,-0.899939117,-0.006848667,-0.85352364
Taiyuan,18,-0.689573613,-0.034092429,-0.730922938
Taiyuan,19,-0.622866125,-0.048581953,-0.683272128
Taiyuan,20,-0.468252109,-0.05173953,-0.536020233
Taiyuan,21,-0.411371186,-0.020225475,-0.488764314
Taiyuan,22,-0.337697451,-0.053802749,-0.416278341
Taiyuan,23,-0.282906192,-0.038583288,-0.364692763
Taiyuan,24,-0.269420896,0.012349087118057165,-0.354090943
Ningbo,1,-0.325830206,-0.015342575,-0.324726423
Ningbo,2,-0.29841334,-0.013905154,-0.301229456
Ningbo,3,-0.206771902,-0.005231516,-0.202811429
Ningbo,4,-0.178369461,-0.005848976,-0.189046627
Ningbo,5,-0.148467135,-0.005107037,-0.161205012
Ningbo,6,-0.122863239,-0.004797372,-0.135767467
Ningbo,7,-0.101886914,-0.004239999,1.3747556620772718
Ningbo,8,-0.099003437,-0.004658554,5.819753920741247
Ningbo,9,-0.694166812,-0.013714149,8.576883598798124
Ningbo,10,-1.540102718,-0.031197952,8.761545292645323
Ningbo,11,-2.396565964,-0.048553929,10.065303370464163
Ningbo,12,-2.956769603,-0.055989651,10.80735035957546
Ningbo,13,-3.139878462,-0.05809416,8.46753518964578
Ningbo,14,-3.001924654,-0.061140935,6.450891773931592
Ningbo,15,-2.468747388,-0.053135866,3.836531852663112
Ningbo,16,-1.745345822,-0.039772917,0.5250342460332363
Ningbo,17,-1.112205669,-0.015429973,-1.148655247
Ningbo,18,-0.761895172,-0.028871412,-0.695030935
Ningbo,19,-0.574664374,-0.018590843,-0.529916322
Ningbo,20,-0.476826871,-0.015814851,-0.448408019
Ningbo,21,-0.420415254,-0.017666397,-0.400664962
Ningbo,22,-0.377559393,-0.016880898,-0.36837647
Ningbo,23,-0.357135807,-0.020038942,-0.352749227
Ningbo,24,-0.312555453,-0.01348788,-0.312809536
Changzhou,1,-0.238558389,-0.014477364,-0.2693975
Changzhou,2,-0.228688812,-0.014126429,-0.260982424
Changzhou,3,-0.225146373,-0.015210149,-0.259630466
Changzhou,4,-0.214245686,-0.015226869,-0.247871396
Changzhou,5,-0.201597547,-0.013866077,-0.234324511
Changzhou,6,-0.189973047,-0.011108719,-0.220404259
Changzhou,7,-0.170809739,-0.008569269,0.43327195164194793
Changzhou,8,-0.150236276,-0.007202563,4.246623705930076
Changzhou,9,-0.765128537,-0.003444167,6.284334457449604
Changzhou,10,-1.465012633,-0.016080745,8.139423686588685
Changzhou,11,-2.092944779,-0.032685434,10.939011116719346
Changzhou,12,-2.562326855,-0.051758131,8.744789828046516
Changzhou,13,-2.717303736,-0.058740323,8.127105115439349
Changzhou,14,-2.550482261,-0.059636307,6.1225428509475925
Changzhou,15,-2.08594347,-0.04840874,3.7877735411305764
Changzhou,16,-1.498272593,-0.037164766,0.567116714085426
Changzhou,17,-1.011995756,-0.012836598,-1.068642857
Changzhou,18,-0.753798141,-0.022756176,-0.712437217
Changzhou,19,-0.584898054,-0.018941063,-0.563529158
Changzhou,20,-0.500104188,-0.018152976,-0.491292441
Changzhou,21,-0.451241265,-0.026997375,-0.450628731
Changzhou,22,-0.407834731,-0.024224318,-0.417359706
Changzhou,23,-0.369363763,-0.022331769,-0.386843536
Changzhou,24,-0.335350167,-0.020254998,-0.357313264
Guangzhou,1,0,0,0
Guangzhou,2,0,0,0
Guangzhou,3,0,0,0
Guangzhou,4,0,0,0
Guangzhou,5,0,0,0
Guangzhou,6,0,0,0
Guangzhou,7,0,0,0.541131845479326
Guangzhou,8,0,0,4.418536073120939
Guangzhou,9,-0.053341566,-0.003209137,8.087490905871974
Guangzhou,10,-0.289713584,-0.008473781,10.633544482933889
Guangzhou,11,-0.68564755,-0.011499874,11.780419006458052
Guangzhou,12,-0.953744789,-0.020736772,11.945707095693258
Guangzhou,13,-1.079363784,-0.020737213,11.149750950150029
Guangzhou,14,-1.199205741,-0.021781866,9.267976322596757
Guangzhou,15,-1.197909558,-0.00618038,6.379177623043774
Guangzhou,16,-1.035057613,-0.022438777,2.771296538580055
Guangzhou,17,-0.794750419,-0.019913262,-0.485692119
Guangzhou,18,-0.509513557,-0.026734169,-0.396888693
Guangzhou,19,-0.288742846,-0.010058329,-0.222327738
Guangzhou,20,-0.199815198,-0.006710147,-0.161063361
Guangzhou,21,-0.158402777,-0.006588821,-0.13311218
Guangzhou,22,-0.128805538,-0.003826894,-0.112853039
Guangzhou,23,-0.109351086,-0.003285638,-0.098731456
Guangzhou,24,-0.098805141,-0.005842569,-0.09170852
Xuzhou,1,-0.170039289,-0.008180725,-0.201892415
Xuzhou,2,-0.154516438,-0.007691396,-0.186561418
Xuzhou,3,-0.13758028,-0.006847347,-0.168372098
Xuzhou,4,-0.122608948,-0.006081266,-0.152093605
Xuzhou,5,-0.110573956,-0.005525385,-0.138965132
Xuzhou,6,-0.112577415,-0.00427751,-0.137472403
Xuzhou,7,-0.106527417,-0.004792485,-0.00895325
Xuzhou,8,-0.099940222,-0.004587546,3.1427282498220572
Xuzhou,9,-0.50327009,-0.008793682,6.354620430588873
Xuzhou,10,-1.344114624,-0.027981471,8.289659084083533
Xuzhou,11,-2.067010391,-0.046722597,9.472031449186922
Xuzhou,12,-2.570854398,-0.058903705,8.790425886043712
Xuzhou,13,-2.743652416,-0.062808554,10.103935312049405
Xuzhou,14,-2.571451949,-0.059543783,6.786290892744612
Xuzhou,15,-2.135397806,-0.051448815,3.9208895197176847
Xuzhou,16,-1.555298494,-0.038057774,0.9240307034768697
Xuzhou,17,-1.106829519,-0.025515002,-1.132173074
Xuzhou,18,-0.912375082,-0.032202731,-0.841328619
Xuzhou,19,-0.67484761,-0.023330548,-0.631177187
Xuzhou,20,-0.55050263,-0.020069843,-0.527792906
Xuzhou,21,-0.468791678,-0.020094016,-0.4609252
Xuzhou,22,-0.407797323,-0.019172826,-0.41393036
Xuzhou,23,-0.358438138,-0.015468431,-0.3738207
Xuzhou,24,-0.323469188,-0.014113052,-0.343895008
Huizhou,1,-0.065400169,0.0021222292806361057,-0.059187246
Huizhou,2,-0.056484612,0.0033904156161847377,-0.051707854
Huizhou,3,-0.050527406,0.002692371782306191,-0.04671262
Huizhou,4,-0.044457877,0.004048840511259808,-0.041068816
Huizhou,5,-0.036544165,0.007081278577357862,-0.033881217
Huizhou,6,-0.020046757,0.021243919331270945,-0.017229965
Huizhou,7,-0.031324329,-0.000187752,0.5652458482234995
Huizhou,8,-0.03145256,-0.00212742,5.001250540500353
Huizhou,9,-0.081346141,-0.004192269,8.96142141623433
Huizhou,10,-0.190258089,-0.006925012,11.538973429892923
Huizhou,11,-0.382067082,-0.018946649,13.83150513058909
Huizhou,12,-0.746290814,-0.036844292,14.52357502096711
Huizhou,13,-1.04301953,-0.034495407,12.337977815100139
Huizhou,14,-1.057971601,-0.034789425,10.768834755627342
Huizhou,15,-0.809868822,-0.01669376,8.379409178102257
Huizhou,16,-0.531591634,-0.005413505,5.122161664169514
Huizhou,17,-0.386632002,-0.003250208,1.0672275178341557
Huizhou,18,-0.280405025,-0.011764618,-0.208613206
Huizhou,19,-0.18590088,-0.003042061,-0.140153175
Huizhou,20,-0.133395492,-0.006596647,-0.10547337
Huizhou,21,-0.110470396,-0.009183546,-0.091293129
Huizhou,22,-0.094954782,-0.008370672,-0.080613215
Huizhou,23,-0.084027016,-0.007901451,-0.073010842
Huizhou,24,-0.072883015,-0.004757378,-0.063953493
Chengdu,1,-0.259659597,-0.004022597,-0.255345956
Chengdu,2,-0.232972731,-0.003863548,-0.233170927
Chengdu,3,-0.222227469,-0.006926424,-0.223609217
Chengdu,4,-0.206824583,-0.003294908,-0.207610504
Chengdu,5,-0.190762199,-0.001943822,-0.191860007
Chengdu,6,-0.175349633,0.010745755858815176,-0.173816644
Chengdu,7,-0.156206501,0.016572448562552328,-0.152654377
Chengdu,8,-0.139069144,0.00309044669488069,0.984164644902609
Chengdu,9,-1.05813598,0.00844836043182491,4.055812449069846
Chengdu,10,-1.8744196,0.012414868718962847,6.886029449011432
Chengdu,11,-2.57162238,-0.060608059,8.352164994974554
Chengdu,12,-2.890023002,-0.044637195,12.363843029540519
Chengdu,13,-2.773327889,-0.134151368,10.998692123184359
Chengdu,14,-2.31808762,-0.092775711,10.186993455783417
Chengdu,15,-1.693057656,-0.05400332,8.450166816042017
Chengdu,16,-1.277514936,-0.040906948,6.548753112911863
Chengdu,17,-0.968436922,-0.023865222,2.9114795231675674
Chengdu,18,-0.706888491,-0.056745923,-0.484279121
Chengdu,19,-0.517703193,-0.037720112,-0.443160293
Chengdu,20,-0.414813248,-0.030541045,-0.366357974
Chengdu,21,-0.351193193,-0.02698285,-0.31804609
Chengdu,22,-0.317232713,-0.0218194,-0.291251432
Chengdu,23,-0.285004804,-0.018296733,-0.263494825
Chengdu,24,-0.252175262,-0.009374658,-0.235720842
Yangzhou,1,0,0,0
Yangzhou,2,0,0,0
Yangzhou,3,0,0,0
Yangzhou,4,0,0,0
Yangzhou,5,0,0,0
Yangzhou,6,0,0,0
Yangzhou,7,0,0,0.948481423255849
Yangzhou,8,0,0,5.077950123460559
Yangzhou,9,-0.427513145,-0.008753513,7.92092340524782
Yangzhou,10,-1.135186715,-0.022062199,10.433001021504845
Yangzhou,11,-1.90569628,-0.034922018,11.874790585820428
Yangzhou,12,-2.406572807,-0.042584942,11.755591372960184
Yangzhou,13,-2.566096547,-0.044721967,10.018860613214384
Yangzhou,14,-2.411230515,-0.042930526,8.14370975530483
Yangzhou,15,-1.996638749,-0.037378462,5.9828422010388485
Yangzhou,16,-1.473098583,-0.030436706,2.1278830353020513
Yangzhou,17,-0.972837911,-0.021638986,-0.885537284
Yangzhou,18,-0.613977384,0.004482938556799603,-0.495370435
Yangzhou,19,-0.412622118,-0.013103558,-0.358099962
Yangzhou,20,-0.319017617,-0.010041651,-0.285062281
Yangzhou,21,-0.263763903,-0.009137368,-0.243246427
Yangzhou,22,-0.223127773,-0.008006453,-0.212900479
Yangzhou,23,-0.192641739,-0.006743275,-0.188756823
Yangzhou,24,-0.168752448,-0.006550621,-0.169389167
Lhasa,1,-0.296962584,-0.02130727,-0.333439377
Lhasa,2,-0.272227469,-0.018987705,-0.310630116
Lhasa,3,-0.249120134,-0.016853929,-0.288828313
Lhasa,4,-0.22801673,-0.014132649,-0.26829227
Lhasa,5,-0.209031414,-0.012066893,-0.23998248
Lhasa,6,-0.191740843,-0.00960606,-0.225092547
Lhasa,7,-0.17628456,-0.00664749,-0.215465134
Lhasa,8,-0.164569532,-0.00740889,-0.202696596
Lhasa,9,-2.043222305,0.00028826267710387504,1.598637392794559
Lhasa,10,-2.603105724,-0.048948082,6.121512103824596
Lhasa,11,-2.846327596,-0.10615134,10.153798714040988
Lhasa,12,-2.836482653,-0.147858973,12.199229276253055
Lhasa,13,-2.535895491,-0.163246581,12.779507014849548
Lhasa,14,-2.013239209,-0.140871748,14.077802014831873
Lhasa,15,-1.693440165,-0.130386189,12.188121169084269
Lhasa,16,-1.407396927,-0.144270225,10.01126539616102
Lhasa,17,-1.169150251,-0.093709848,7.793472999804687
Lhasa,18,-0.894762962,-0.069179765,2.7198926486153545
Lhasa,19,-0.645853855,-0.048918365,-0.604610913
Lhasa,20,-0.536934193,-0.04705734,-0.550511703
Lhasa,21,-0.47678142,-0.051996142,-0.508854732
Lhasa,22,-0.443892604,-0.066293354,-0.490324207
Lhasa,23,-0.409749201,-0.061310124,-0.460264922
Lhasa,24,-0.376432562,-0.056368972,-0.41902853
Wuxi,1,0,0,0
Wuxi,2,0,0,0
Wuxi,3,0,0,0
Wuxi,4,0,0,0
Wuxi,5,0,0,0
Wuxi,6,0,0,0
Wuxi,7,0,0,0.9623976812014317
Wuxi,8,0,0,4.9331414888263785
Wuxi,9,-0.472519912,-0.011357742,7.684001742872672
Wuxi,10,-1.209551916,-0.027926049,10.365961871496031
Wuxi,11,-1.997670465,-0.04669986,10.129686693542999
Wuxi,12,-2.568513927,-0.057376842,9.754177832060169
Wuxi,13,-2.79192513,-0.060097119,9.034459848182589
Wuxi,14,-2.651894567,-0.059522068,6.721779581651416
Wuxi,15,-2.174333677,-0.050040159,4.258302944073782
Wuxi,16,-1.552017443,-0.038596724,0.8029431830972086
Wuxi,17,-1.005418221,-0.01982101,-1.016747471
Wuxi,18,-0.674471577,-0.030509828,-0.589949621
Wuxi,19,-0.467357634,-0.014991916,-0.408021866
Wuxi,20,-0.371275201,-0.010891436,-0.331689745
Wuxi,21,-0.316186459,-0.009759502,-0.29291664
Wuxi,22,-0.276384365,-0.008484339,-0.263279443
Wuxi,23,-0.244095792,-0.007113327,-0.233407872
Wuxi,24,-0.216994888,-0.006423641,-0.209946313
Kunming,1,-0.050621061,0.003001485874240521,-0.048342934
Kunming,2,-0.047154847,0.0015601312001137426,-0.045947427
Kunming,3,-0.03924713,0.002361992605293408,-0.039007497
Kunming,4,-0.031599597,0.0056626353151335625,-0.031855718
Kunming,5,-0.032298663,0.0013438759086859809,-0.03307062
Kunming,6,-0.025179153,0.0040425446478436055,-0.026285046
Kunming,7,-0.022541669,0.004048765406842167,-0.023746856
Kunming,8,-0.022704845,0.0019680550209112153,1.833558045254674
Kunming,9,-0.163973506,-0.001405299,6.730613832169939
Kunming,10,-0.402608892,-0.026806081,10.446336122690868
Kunming,11,-0.660970275,-0.023675268,13.160581703060954
Kunming,12,-0.748303134,-0.020081743,14.489408067868263
Kunming,13,-0.839676109,-0.051329495,14.759621848702201
Kunming,14,-1.017959283,-0.049310567,13.256990557804905
Kunming,15,-1.028866497,-0.100632178,10.042973394586163
Kunming,16,-0.927525702,-0.063984032,6.5238856173756234
Kunming,17,-0.731944434,-0.04744791,2.990076612562845
Kunming,18,-0.442498774,-0.013610764,-0.350912221
Kunming,19,-0.2604126,0.0011965448423827986,-0.211632064
Kunming,20,-0.198877418,-0.009331715,-0.169115489
Kunming,21,-0.171085975,-0.009032373,-0.149600824
Kunming,22,-0.157113665,-0.008904458,-0.140983301
Kunming,23,-0.135620032,0.0020207661430207318,-0.122080751
Kunming,24,-0.101326988,0.008341642006951639,-0.092693908
Hangzhou,1,-0.151433169,-0.006600047,-0.162802522
Hangzhou,2,-0.134589857,-0.006315156,-0.147527603
Hangzhou,3,-0.120913283,-0.005644777,-0.129448119
Hangzhou,4,-0.11336293,-0.004960812,-0.124635833
Hangzhou,5,-0.108100088,-0.004886302,-0.117258389
Hangzhou,6,-0.093810558,-0.004337103,-0.105122807
Hangzhou,7,-0.084573972,-0.003520941,0.842710091342151
Hangzhou,8,-0.074776559,-0.003534819,4.304489608048582
Hangzhou,9,-0.508275808,-0.010380431,6.976576899951756
Hangzhou,10,-1.017273106,-0.021493638,10.887048885650715
Hangzhou,11,-1.2911196,-0.026865136,10.51025346690673
Hangzhou,12,-1.221229175,-0.0264269,11.575523317203961
Hangzhou,13,-1.155410022,-0.026531638,9.965069271091469
Hangzhou,14,-1.27318131,-0.026399981,7.56254006799295
Hangzhou,15,-1.280769504,-0.027221005,4.393915716677101
Hangzhou,16,-1.021746124,-0.023584928,1.100697501511971
Hangzhou,17,-0.682837583,-0.01551524,-0.642188191
Hangzhou,18,-0.462301103,-0.023175882,-0.409027683
Hangzhou,19,-0.302914907,-0.01231047,-0.279261018
Hangzhou,20,-0.234698323,-0.009653553,-0.22168067
Hangzhou,21,-0.195914147,-0.008323525,-0.190948374
Hangzhou,22,-0.169469525,-0.007419057,-0.169337165
Hangzhou,23,-0.147838094,-0.006348813,-0.151374232
Hangzhou,24,-0.131761277,-0.010624595,-0.138658421
Wuhan,1,-0.127128227,0.002065261819581444,-0.146629454
Wuhan,2,-0.113332621,0.004987549741200649,-0.134550494
Wuhan,3,-0.109589695,-0.005752019,-0.127846491
Wuhan,4,-0.105265764,-0.005008325,-0.123850188
Wuhan,5,-0.088972277,0.005219941371506118,-0.105316401
Wuhan,6,-0.080753271,0.0041537426404296635,-0.09336395
Wuhan,7,-0.069707517,0.0038739458144520546,-0.043443092
Wuhan,8,-0.054756067,0.008296359111804121,3.0182801149069824
Wuhan,9,-0.1427482,-0.00495992,7.125381799320021
Wuhan,10,-0.301773822,-0.005466253,10.217844531345467
Wuhan,11,-0.528254226,-0.01692158,10.848501117922124
Wuhan,12,-0.610779673,-0.013683988,12.095128000889359
Wuhan,13,-0.68726685,-0.01549788,10.69129658401087
Wuhan,14,-0.768088272,-0.017989828,9.76910716515047
Wuhan,15,-0.71905395,-0.046714178,6.6554039168709
Wuhan,16,-0.573554552,-0.020333861,2.7724471407954203
Wuhan,17,-0.364600575,-0.007439302,-0.251978191
Wuhan,18,-0.221852404,-0.007041456,-0.169711597
Wuhan,19,-0.126804329,0.01387392281195687,-0.098686036
Wuhan,20,-0.093717573,0.010714152541115516,-0.077848922
Wuhan,21,-0.078251425,0.005738633449493674,-0.068644852
Wuhan,22,-0.066237174,0.003043997676686112,-0.060704655
Wuhan,23,-0.060079685,-0.000292452,-0.056937087
Wuhan,24,-0.051817875,0.000641437860376098,-0.050133176
Shantou,1,-0.115616601,-0.02640003,-0.103173876
Shantou,2,-0.092894344,-0.011445923,-0.082198408
Shantou,3,-0.082500386,-0.014084608,-0.074972149
Shantou,4,-0.093163268,-0.031967963,-0.086117619
Shantou,5,-0.071636196,-0.013210721,-0.065445978
Shantou,6,-0.058669209,-0.005161473,-0.053516247
Shantou,7,-0.058212159,-0.010456122,2.8647096818890088
Shantou,8,-0.092228669,-0.012749645,7.488326230124339
Shantou,9,-0.209197574,-0.014351171,11.332111598833976
Shantou,10,-0.406202228,-0.01147928,13.871003037472738
Shantou,11,-0.643162647,-0.008964485,15.291057631097756
Shantou,12,-0.755254907,-0.002388429,15.653798896321288
Shantou,13,-0.844082789,-0.002547557,15.16892677022786
Shantou,14,-1.646830111,-0.008720561,12.648147266917167
Shantou,15,-1.894077956,-0.031302331,9.463537159480175
Shantou,16,-1.490202647,0.00780635965988439,5.720650581178866
Shantou,17,-1.058582387,-0.015499069,1.4721361090613188
Shantou,18,-0.704906311,-0.012844005,-0.574041251
Shantou,19,-0.479149632,-0.036883126,-0.389662725
Shantou,20,-0.308717292,-0.01832675,-0.254839756
Shantou,21,-0.244099574,-0.020374134,-0.211766666
Shantou,22,-0.20810393,-0.019404753,-0.183036353
Shantou,23,-0.165628794,0.009562255638071959,-0.143574894
Shantou,24,-0.17048173,-0.014902131,-0.158397952
Shenyang,1,0,0,0
Shenyang,2,0,0,0
Shenyang,3,0,0,0
Shenyang,4,0,0,0
Shenyang,5,0,0,0
Shenyang,6,0,0,0
Shenyang,7,0,0,0.3752011276689049
Shenyang,8,0,0,4.107859323189766
Shenyang,9,-0.150458565,-0.00294566,6.611133286223421
Shenyang,10,-0.516102729,-0.026192244,7.868148825641553
Shenyang,11,-0.976417981,-0.042795334,7.484000578594751
Shenyang,12,-1.35109794,-0.049288487,7.417281507942336
Shenyang,13,-1.503989869,-0.055331066,5.921878089216299
Shenyang,14,-1.417802345,-0.045846363,3.9405758674062015
Shenyang,15,-1.127904144,-0.037810708,1.3653101399930963
Shenyang,16,-0.766227696,-0.027312223,-0.915542982
Shenyang,17,-0.482402791,-0.026121533,-0.484238394
Shenyang,18,-0.313350798,-0.012723862,-0.331403543
Shenyang,19,-0.234346041,-0.005178674,-0.260167456
Shenyang,20,-0.187102892,-0.000537876,-0.216981167
Shenyang,21,-0.156358085,-0.003039707,-0.188523964
Shenyang,22,-0.130539524,0.0034813521605979608,-0.163732974
Shenyang,23,-0.109294386,0.008300550484256378,-0.144225789
Shenyang,24,-0.090621724,0.008893445709726772,-0.124532281
Quanzhou,1,-0.091998883,-0.003686855,-0.088852454
Quanzhou,2,-0.081768345,-0.00330178,-0.079846687
Quanzhou,3,-0.073135637,-0.002968201,-0.072029817
Quanzhou,4,-0.065362399,-0.002660135,-0.064759736
Quanzhou,5,-0.058350676,-0.002366596,-0.058119961
Quanzhou,6,-0.05240235,-0.002105585,-0.052413156
Quanzhou,7,-0.048879116,-0.002004109,1.1703130301289268
Quanzhou,8,-0.044710746,-0.001858919,5.3939523430161485
Quanzhou,9,-0.605188449,-0.015864082,8.667526332064284
Quanzhou,10,-1.436958061,-0.032400526,9.680024378326136
Quanzhou,11,-2.335792783,-0.048826359,10.813317013077919
Quanzhou,12,-2.925552927,-0.05591433,11.102552432108718
Quanzhou,13,-3.157783468,-0.060245229,10.039102414787493
Quanzhou,14,-2.992031205,-0.061662696,7.567362389096211
Quanzhou,15,-2.445605702,-0.054442716,4.9679085435689245
Quanzhou,16,-1.732990886,-0.044390553,2.2438573366020447
Quanzhou,17,-1.112896481,-0.031019222,-0.993230928
Quanzhou,18,-0.725668765,-0.027089705,-0.612904165
Quanzhou,19,-0.482562252,-0.018724602,-0.42296833
Quanzhou,20,-0.354620264,-0.014124726,-0.318321184
Quanzhou,21,-0.283061033,-0.01141609,-0.260132878
Quanzhou,22,-0.239199571,-0.009908406,-0.230656196
Quanzhou,23,-0.211479849,-0.00909597,-0.204402176
Quanzhou,24,-0.188881956,-0.008321714,-0.187061107
Luoyang,1,-0.121960809,0.01767159279990321,-0.15946329
Luoyang,2,-0.110486461,0.015515002912244249,-0.145916207
Luoyang,3,-0.101119941,0.011327624733166033,-0.131933332
Luoyang,4,-0.090674013,0.010654363734703853,-0.121386513
Luoyang,5,-0.081878251,0.010033334140313072,-0.11341766
Luoyang,6,-0.102065011,-0.024894936,-0.136591381
Luoyang,7,-0.1127669,-0.036763322,-0.146668658
Luoyang,8,-0.220859563,-0.008314303,1.834652942141217
Luoyang,9,-0.623121267,0.007998616159349251,5.785797661874896
Luoyang,10,-1.220682968,-0.036967399,6.158838866629396
Luoyang,11,-1.781351045,-0.069058424,8.748722659435385
Luoyang,12,-2.08306103,-0.081393811,10.155072121812957
Luoyang,13,-2.035472461,-0.084661448,7.776683989015556
Luoyang,14,-1.712584024,-0.092831168,8.18799025149058
Luoyang,15,-1.29890452,-0.052926928,5.368440243354994
Luoyang,16,-0.935073728,-0.035054845,2.395608325570846
Luoyang,17,-0.639918511,-0.033865214,-0.548776893
Luoyang,18,-0.446372488,-0.022040928,-0.441028475
Luoyang,19,-0.353169624,-0.016899717,-0.36396644
Luoyang,20,-0.294505018,-0.015075531,-0.303119812
Luoyang,21,-0.259230257,-0.012294967,-0.284590459
Luoyang,22,-0.226928515,-0.011572465,-0.255131531
Luoyang,23,-0.209196286,-0.010537914,-0.239490374
Luoyang,24,-0.192491714,-0.009637493,-0.222654954
Jinan,1,0,0,0
Jinan,2,0,0,0
Jinan,3,0,0,0
Jinan,4,0,0,0
Jinan,5,0,0,0
Jinan,6,0,0,0
Jinan,7,0,0,0.06081441506951566
Jinan,8,0,0,3.245046961047939
Jinan,9,-0.170252972,-0.000362391,5.424040252478149
Jinan,10,-0.577000755,0.0011282932763783421,7.110793370594287
Jinan,11,-1.051862891,-0.035986836,9.83083637186212
Jinan,12,-1.394668294,-0.038825851,8.92482455539614
Jinan,13,-1.474700024,-0.037555015,7.3170552757699925
Jinan,14,-1.33692355,-0.03790538,5.19031904883479
Jinan,15,-1.062253426,-0.030255338,3.5653097312521
Jinan,16,-0.786069625,-0.021211338,0.18437958987484304
Jinan,17,-0.581888946,-0.023656321,-0.579126779
Jinan,18,-0.387996879,-0.008300329,-0.396531727
Jinan,19,-0.27044222,-0.001763296,-0.29302105
Jinan,20,-0.212027973,0.003996756877123287,-0.240838277
Jinan,21,-0.176297176,0.006070186509158998,-0.208631036
Jinan,22,-0.152539947,0.007639499204425449,-0.187842124
Jinan,23,-0.134079726,0.008346277653052556,-0.171128348
Jinan,24,-0.119559698,0.007676330211138425,-0.156398955
Haikou,1,0,0,0
Haikou,2,0,0,0
Haikou,3,0,0,0
Haikou,4,0,0,0
Haikou,5,0,0,0
Haikou,6,0,0,0
Haikou,7,0,0,0.16063513907893104
Haikou,8,-0.063905681,-0.004072858,4.001867843396253
Haikou,9,-0.167614151,-0.006879228,8.071113800083387
Haikou,10,-0.368012875,-0.018332256,10.860694630871512
Haikou,11,-0.573962698,-0.014743842,12.790702003271228
Haikou,12,-0.849236402,-0.019091741,13.404705268614393
Haikou,13,-0.938980093,-0.017564756,12.959538584804612
Haikou,14,-0.792678702,-0.01049443,11.905654580697195
Haikou,15,-0.696734201,-0.083237528,9.59238225084756
Haikou,16,-0.558508489,-0.021221138,6.154417950942526
Haikou,17,-0.378905297,-0.013998449,2.069579460640521
Haikou,18,-0.22919553,-0.007764393,-0.168484982
Haikou,19,-0.140507214,-0.00572594,-0.106011526
Haikou,20,-0.10824966,-0.0047923,-0.084768978
Haikou,21,-0.088974711,-0.004292973,-0.071523638
Haikou,22,-0.075911415,-0.004393574,-0.062478673
Haikou,23,-0.065187288,-0.003112762,-0.054468939
Haikou,24,-0.059176457,-0.002878895,-0.050283286
Shenzhen,1,0,0,0
Shenzhen,2,0,0,0
Shenzhen,3,0,0,0
Shenzhen,4,0,0,0
Shenzhen,5,0,0,0
Shenzhen,6,0,0,0
Shenzhen,7,0,0,0.8610052545091277
Shenzhen,8,0,0,4.80955292493173
Shenzhen,9,-0.202306779,-0.006640291,8.090409558379017
Shenzhen,10,-0.577795479,-0.01151041,10.337785204357129
Shenzhen,11,-0.979063512,-0.018172121,11.629831533196247
Shenzhen,12,-1.26011613,-0.02237192,11.668538215248688
Shenzhen,13,-1.450971579,-0.027649223,10.734656607622519
Shenzhen,14,-1.504447075,-0.02929669,8.762125143764063
Shenzhen,15,-1.328994259,-0.0239327,5.997395118236547
Shenzhen,16,-0.996236846,-0.023284297,2.572363001539896
Shenzhen,17,-0.729377507,-0.017406069,-0.512862197
Shenzhen,18,-0.492724878,-0.016726918,-0.400430191
Shenzhen,19,-0.304768035,-0.01102872,-0.253705159
Shenzhen,20,-0.214708224,-0.008369034,-0.192120689
Shenzhen,21,-0.182692321,-0.007028328,-0.16833608
Shenzhen,22,-0.141875138,-0.005388217,-0.133280333
Shenzhen,23,-0.112068361,-0.004413566,-0.107504458
Shenzhen,24,-0.112408657,-0.004516767,-0.110045531
Macao,1,-0.1019193,-0.000760641,-0.102448311
Macao,2,-0.089507181,-0.004147643,-0.091723914
Macao,3,-0.075756474,0.016388395058738892,-0.078260801
Macao,4,-0.071661308,-0.006196696,-0.074471383
Macao,5,-0.062541969,-0.003207996,-0.06504814
Macao,6,-0.04511337,0.0298737913340463,-0.04686993
Macao,7,-0.054125335,-0.006258397,0.36264424575136006
Macao,8,-0.049140066,-0.002879961,4.038134427296611
Macao,9,-0.288140893,0.003804853340668686,8.195406340912484
Macao,10,-0.742133394,-0.031048407,10.807557321688208
Macao,11,-1.232750897,-0.027520123,11.9600948924327
Macao,12,-1.552417864,-0.015439975,11.95609776614722
Macao,13,-1.764574339,-0.049030188,11.107239287240246
Macao,14,-1.795764853,-0.03976727,9.509962515682227
Macao,15,-1.493853306,-0.030994586,6.846932295689506
Macao,16,-1.182182301,-0.050205613,3.7099948732045025
Macao,17,-0.839832243,-0.005806823,0.016696287441639014
Macao,18,-0.664976435,-0.06807851,-0.5337652
Macao,19,-0.352150649,-0.000362476,-0.279041382
Macao,20,-0.22667002,-0.00495102,-0.19028865
Macao,21,-0.171047266,0.012944633730089094,-0.14772953
Macao,22,-0.147791711,-0.005767191,-0.133887078
Macao,23,-0.131861044,-0.004250485,-0.12217406
Macao,24,-0.106611384,0.00747711437232482,-0.099920982
Yantai,1,0,0,0
Yantai,2,0,0,0
Yantai,3,0,0,0
Yantai,4,0,0,0
Yantai,5,0,0,0
Yantai,6,0,0,0
Yantai,7,0,0,0.8934788594232823
Yantai,8,0,0,5.584502621904907
Yantai,9,-0.377054112,-0.008305473,8.082792071166518
Yantai,10,-1.011963595,-0.020268354,11.338157840643168
Yantai,11,-1.694842564,-0.034648038,10.158295259563502
Yantai,12,-2.189552986,-0.043686924,9.10408429205906
Yantai,13,-2.35591317,-0.046236711,8.646843853934534
Yantai,14,-2.21960123,-0.044539096,6.862328509142103
Yantai,15,-1.851029312,-0.037670048,4.950020948375855
Yantai,16,-1.338394051,-0.02867575,0.8454120161803287
Yantai,17,-0.832501638,-0.017120184,-0.830797897
Yantai,18,-0.525602108,-0.018169024,-0.46026154
Yantai,19,-0.331300705,-0.01118121,-0.298708436
Yantai,20,-0.25060704,-0.005141073,-0.235611958
Yantai,21,-0.202974526,-0.002992012,-0.198194297
Yantai,22,-0.172918123,-0.003449527,-0.174942408
Yantai,23,-0.150623846,-0.002084313,-0.15648708
Yantai,24,-0.131193889,-0.000111328,-0.138999656
Zhuhai,1,-0.061499811,-0.00224068,-0.059402912
Zhuhai,2,-0.053015559,-0.001918965,-0.051956808
Zhuhai,3,-0.046192935,-0.001662276,-0.044939089
Zhuhai,4,-0.041638211,-0.001503955,-0.041766944
Zhuhai,5,-0.03821953,-0.001400386,-0.038633004
Zhuhai,6,-0.035053346,-0.001141085,-0.035491613
Zhuhai,7,-0.031961996,-0.000953907,0.42225566436386325
Zhuhai,8,-0.029132526,-0.000825498,4.629689915524577
Zhuhai,9,-0.061323935,-0.001808849,8.95732108414773
Zhuhai,10,-0.141149199,-0.004295496,11.604816952497645
Zhuhai,11,-0.240870557,-0.007414024,14.05438558910225
Zhuhai,12,-0.317319524,-0.009762532,14.830455480481321
Zhuhai,13,-0.369159517,-0.009989059,13.083728897383352
Zhuhai,14,-0.390378867,-0.01063001,12.006691663338918
Zhuhai,15,-0.416980653,-0.007986901,9.783552415184374
Zhuhai,16,-0.353227745,-0.011148431,6.195602647781041
Zhuhai,17,-0.236084461,-0.006947083,1.6048384690927275
Zhuhai,18,-0.165228242,-0.005341022,-0.129751407
Zhuhai,19,-0.104693916,-0.003454216,-0.084469574
Zhuhai,20,-0.067582579,-0.002262481,-0.056955462
Zhuhai,21,-0.052690794,-0.00177508,-0.045275903
Zhuhai,22,-0.043359749,-0.001483521,-0.039308736
Zhuhai,23,-0.03680436,-0.001278665,-0.034214108
Zhuhai,24,-0.031864623,-0.001101755,-0.029550502
Shijiazhuang,1,-0.054850045,-0.003967487,-0.080094828
Shijiazhuang,2,-0.046416348,-1.93E-05,-0.070930513
Shijiazhuang,3,-0.040008104,-0.001975374,-0.064364179
Shijiazhuang,4,-0.035143268,-0.002874982,-0.058946189
Shijiazhuang,5,-0.031196789,-0.002956463,-0.054199028
Shijiazhuang,6,-0.024647341,-0.003296625,-0.04644054
Shijiazhuang,7,-0.020645577,-0.001747758,-0.040424842
Shijiazhuang,8,-0.177334704,-0.031928691,2.1692268359522635
Shijiazhuang,9,-0.645113285,-0.032994647,5.515339320878196
Shijiazhuang,10,-1.288199018,-0.040743176,6.658677770552384
Shijiazhuang,11,-1.936276651,-0.058752394,9.162311802268805
Shijiazhuang,12,-2.37874571,-0.071230156,9.602848929940325
Shijiazhuang,13,-2.464611142,-0.072901571,7.29195447965268
Shijiazhuang,14,-2.18669294,-0.067221117,8.378222890874635
Shijiazhuang,15,-1.765138927,-0.059937387,4.587564557809474
Shijiazhuang,16,-1.34749514,-0.035270263,2.0565397307561093
Shijiazhuang,17,-1.017063039,-0.04111576,-0.844219466
Shijiazhuang,18,-0.726021131,-0.031833705,-0.660435344
Shijiazhuang,19,-0.589958683,-0.032966141,-0.554167369
Shijiazhuang,20,-0.472610178,-0.023169197,-0.455984783
Shijiazhuang,21,-0.392853076,-0.022040612,-0.390994525
Shijiazhuang,22,-0.351817663,-0.02692581,-0.360239927
Shijiazhuang,23,-0.314419917,-0.023677051,-0.328732578
Shijiazhuang,24,-0.279233567,-0.022180052,-0.296451243
Fuzhou,1,0,0,0
Fuzhou,2,0,0,0
Fuzhou,3,0,0,0
Fuzhou,4,0,0,0
Fuzhou,5,0,0,0
Fuzhou,6,0,0,0.27056951281674885
Fuzhou,7,0,0,4.318793124087998
Fuzhou,8,-0.385489288,-0.00943209,8.105937226228084
Fuzhou,9,-1.041984003,-0.031833989,11.106253458516239
Fuzhou,10,-1.912281213,-0.083857426,12.441821815201003
Fuzhou,11,-2.990121405,-0.121089027,13.169869428529267
Fuzhou,12,-3.704816939,0.018763465054904983,12.865712278028187
Fuzhou,13,-4.008122389,0.043077095006711426,11.771654567276231
Fuzhou,14,-3.974367651,0.04604095666284919,9.641898432702137
Fuzhou,15,-3.25378486,0.02534153592366196,7.4462449121274
Fuzhou,16,-2.470618315,-0.044917217,3.866114000599939
Fuzhou,17,-1.805947175,-0.063866229,0.09097387000485878
Fuzhou,18,-1.275059717,-0.037472011,-1.000453358
Fuzhou,19,-0.946720345,-0.041445825,-0.704821456
Fuzhou,20,-0.73361434,-0.04023799,-0.546571538
Fuzhou,21,-0.617983651,-0.035833498,-0.469916044
Fuzhou,22,-0.529154895,-0.030565278,-0.404297799
Fuzhou,23,-0.460193316,-0.026610424,-0.356606884
Fuzhou,24,-0.405355088,-0.023555523,-0.325963109
Shaoxing,1,-0.071619972,-0.00315347,-0.075018481
Shaoxing,2,-0.063251803,-0.003397471,-0.067011908
Shaoxing,3,-0.056977855,-0.004867352,-0.060189342
Shaoxing,4,-0.051370167,-0.004424943,-0.055448488
Shaoxing,5,-0.046452452,-0.003946084,-0.050561047
Shaoxing,6,-0.04196181,-0.003437222,-0.045401027
Shaoxing,7,-0.037362774,-0.002510751,0.9524834798632388
Shaoxing,8,-0.033392916,-0.001731493,5.024105019199846
Shaoxing,9,-0.129867899,-0.00671863,8.689735970927517
Shaoxing,10,-0.318472569,-0.013532161,10.934551817320248
Shaoxing,11,-0.711454926,-0.013239046,11.817370009084808
Shaoxing,12,-1.212271687,-0.022015276,11.766554490052519
Shaoxing,13,-1.645122317,-0.030329491,10.04766277706811
Shaoxing,14,-1.765400526,-0.033779882,7.971023763530172
Shaoxing,15,-1.572206829,-0.03090311,4.470484524041534
Shaoxing,16,-1.196588908,-0.023893646,0.6013458150727178
Shaoxing,17,-0.774652743,-0.013569322,-0.699529257
Shaoxing,18,-0.495637929,-0.023159391,-0.413313576
Shaoxing,19,-0.330376472,-0.011512107,-0.285519648
Shaoxing,20,-0.259131928,-0.007341016,-0.229637622
Shaoxing,21,-0.217794396,-0.005721626,-0.203251434
Shaoxing,22,-0.196021284,-0.005181308,-0.181008133
Shaoxing,23,-0.180473856,-0.004833356,-0.173289628
Shaoxing,24,-0.166321697,-0.005060952,-0.162519793
Wuhu,1,0,0,0
Wuhu,2,0,0,0
Wuhu,3,0,0,0
Wuhu,4,0,0,0
Wuhu,5,0,0,0
Wuhu,6,0,0,0
Wuhu,7,0,0,0.759413076195031
Wuhu,8,0,0,4.3126749021800945
Wuhu,9,-0.428588846,-0.010363215,6.882204339497011
Wuhu,10,-1.058224736,-0.028432259,8.03404701492976
Wuhu,11,-1.696710572,-0.097406257,8.686749151499075
Wuhu,12,-2.058514184,-0.04586519,9.031388965985473
Wuhu,13,-2.141419714,-0.056462548,7.630565056705784
Wuhu,14,-1.962795103,-0.058910964,5.520360875191397
Wuhu,15,-1.579072552,-0.050159224,3.251416099285647
Wuhu,16,-1.116162431,-0.035878718,-0.022470493
Wuhu,17,-0.777370881,-0.015428696,-0.751806579
Wuhu,18,-0.602827183,-0.02782407,-0.563108606
Wuhu,19,-0.469635695,-0.019967388,-0.443522729
Wuhu,20,-0.398133331,-0.019124515,-0.385441776
Wuhu,21,-0.348429787,-0.016677531,-0.345928635
Wuhu,22,-0.31140426,-0.015674113,-0.315385947
Wuhu,23,-0.277556113,-0.012604642,-0.286000652
Wuhu,24,-0.248555469,-0.009931927,-0.259399146
Suzhou,1,-0.210023845,-0.0065265,-0.203589576
Suzhou,2,-0.19294205,-0.00609193,-0.187701243
Suzhou,3,-0.175771833,-0.005550094,-0.172364592
Suzhou,4,-0.158951378,-0.005066716,-0.157399211
Suzhou,5,-0.142442002,-0.004078528,-0.142775656
Suzhou,6,-0.128973746,-0.001908783,-0.132459485
Suzhou,7,-0.116043779,-0.002535951,0.8754856439363928
Suzhou,8,-0.106492204,-0.00291949,4.95034598358863
Suzhou,9,-0.660664253,-0.012076242,7.669718376812799
Suzhou,10,-1.489096194,-0.031899264,10.341194557653884
Suzhou,11,-2.329261198,-0.057101345,10.084112800071864
Suzhou,12,-2.912144985,-0.066430476,9.693736926961671
Suzhou,13,-3.114607524,-0.066754545,8.962128769242293
Suzhou,14,-2.940977093,-0.066849441,6.638169262323013
Suzhou,15,-2.422411825,-0.054613699,4.150681249573881
Suzhou,16,-1.747015952,-0.042070465,0.6715551035498902
Suzhou,17,-1.172191905,-0.019805552,-1.171613394
Suzhou,18,-0.840485567,-0.031575573,-0.737200542
Suzhou,19,-0.632001594,-0.015948504,-0.550318147
Suzhou,20,-0.523861342,-0.013555037,-0.464855673
Suzhou,21,-0.451814024,-0.013793882,-0.416425849
Suzhou,22,-0.391024306,-0.01314454,-0.371892289
Suzhou,23,-0.342706254,-0.011010476,-0.328537126
Suzhou,24,-0.307610174,-0.008960627,-0.297914842
Xining,1,-0.144308913,-0.014679433,-0.158627442
Xining,2,-0.131772353,-0.013703482,-0.147764676
Xining,3,-0.124255973,-0.013586054,-0.142429431
Xining,4,-0.117820646,-0.011533799,-0.135044428
Xining,5,-0.111127993,-0.011391744,-0.128198533
Xining,6,-0.103868768,-0.010215239,-0.12169385
Xining,7,-0.095351337,-0.010180327,-0.111880237
Xining,8,-0.085538106,0.01003324368386043,-0.095408398
Xining,9,-0.500035029,0.022967560178661986,2.9053067747371544
Xining,10,-1.123334799,0.03193512523674897,5.333092962893804
Xining,11,-1.431155967,0.06261394809794812,8.115248786070914
Xining,12,-1.575407063,-0.023154178,11.136212815698327
Xining,13,-1.524025774,-0.092400275,9.00800287729006
Xining,14,-1.307444763,-0.130888778,10.590195748944197
Xining,15,-1.0595464,-0.118279642,8.579452642441378
Xining,16,-0.99814873,-0.040325653,5.779691651421415
Xining,17,-0.933517236,-0.053126215,1.640828948338348
Xining,18,-0.748691383,-0.052006204,-0.740342634
Xining,19,-0.580029536,-0.057294607,-0.604021516
Xining,20,-0.486342599,-0.054585492,-0.529936814
Xining,21,-0.422118327,-0.04622654,-0.472612778
Xining,22,-0.372785974,-0.041808284,-0.427394184
Xining,23,-0.332501828,-0.039561432,-0.390011263
Xining,24,-0.294011037,-0.031619466,-0.351106278
Xi'an,1,-0.097659735,-0.023602575,-0.123927869
Xi'an,2,-0.089782599,-0.022905811,-0.11570472
Xi'an,3,-0.081884791,-0.023693931,-0.107237993
Xi'an,4,-0.074669364,-0.025172307,-0.099240085
Xi'an,5,-0.068499812,-0.025205856,-0.091747939
Xi'an,6,-0.064144498,-0.024145777,-0.085761347
Xi'an,7,-0.059384908,-0.023481289,-0.078587253
Xi'an,8,-0.055469821,-0.024886838,1.2747322810800061
Xi'an,9,-0.81708528,-0.027480525,4.712663447097211
Xi'an,10,-1.643316238,-0.022059708,6.867570851552768
Xi'an,11,-2.327570725,-0.028255216,9.09854001520108
Xi'an,12,-2.677508179,-0.02605806,11.735278768203742
Xi'an,13,-2.618958239,-0.021854694,11.71020687952646
Xi'an,14,-2.212749011,-0.014820392,9.019603927841876
Xi'an,15,-1.636112206,-0.024806334,6.159024895769117
Xi'an,16,-1.127069057,-0.021219567,4.345777518958261
Xi'an,17,-0.844737304,-0.02537314,0.6198011081013407
Xi'an,18,-0.618760515,-0.03412583,-0.595215899
Xi'an,19,-0.467357983,-0.030461565,-0.468763861
Xi'an,20,-0.39844093,-0.025489761,-0.409787627
Xi'an,21,-0.349292703,-0.026268384,-0.367027691
Xi'an,22,-0.313538634,-0.024801558,-0.336516035
Xi'an,23,-0.286675134,-0.023794288,-0.313819449
Xi'an,24,-0.264655376,-0.022621131,-0.293224961
Guiyang,1,-0.034391371,-0.001757982,-0.037830149
Guiyang,2,-0.030122788,-0.001209338,-0.033695513
Guiyang,3,-0.02759613,-0.001545717,-0.031246588
Guiyang,4,-0.025208789,-0.001350502,-0.028758555
Guiyang,5,-0.022566058,-0.00130037,-0.026044145
Guiyang,6,-0.020694254,-0.001150775,-0.023943241
Guiyang,7,-0.019060591,-0.001010069,-0.02210713
Guiyang,8,-0.017306685,-0.000916456,2.4231355111381783
Guiyang,9,-0.227368862,-0.010142806,7.084678753329693
Guiyang,10,-0.447156877,-0.010668096,10.772635118412698
Guiyang,11,-0.648840797,-0.014001996,13.384547755066446
Guiyang,12,-0.858705825,-0.019650014,14.228740751984274
Guiyang,13,-1.009395834,-0.023101657,13.983883076473568
Guiyang,14,-0.98390392,-0.023038864,12.70793240139512
Guiyang,15,-0.833946219,-0.023197513,9.147847857287353
Guiyang,16,-0.638976285,-0.01772153,5.98711011150627
Guiyang,17,-0.461404457,-0.006678464,1.734139268155261
Guiyang,18,-0.293880873,-0.017822418,-0.265480873
Guiyang,19,-0.186795343,-0.008444646,-0.174945859
Guiyang,20,-0.137266621,-0.004515722,-0.134852022
Guiyang,21,-0.110973792,-0.004072574,-0.114145116
Guiyang,22,-0.092930412,-0.004321417,-0.099055992
Guiyang,23,-0.081620592,-0.007773606,-0.090071878
Guiyang,24,-0.071153552,-0.004529774,-0.080051397
Zhengzhou,1,-0.196450982,-0.015017755,-0.102052584
Zhengzhou,2,-0.018845257,0.01306933283304093,-0.009670034
Zhengzhou,3,-0.00318855,0.015037769956726905,0.0001203810042149502
Zhengzhou,4,-0.007259928,0.0009103903591391361,-0.005854201
Zhengzhou,5,-0.004799871,0.0012406663348239367,-0.003709231
Zhengzhou,6,0.00045819346349069734,0.0071122325530614955,0.0014213498065423155
Zhengzhou,7,-0.005015627,-0.00171304,-0.004943534
Zhengzhou,8,-0.004120818,-0.001045846,2.245360981887975
Zhengzhou,9,-0.247430395,0.0015202267021977446,5.51448002305343
Zhengzhou,10,-0.876578353,-0.009277321,7.855871063399569
Zhengzhou,11,-1.564825086,-0.119272273,7.793069348140333
Zhengzhou,12,-2.006500242,-0.092626022,10.313446821321968
Zhengzhou,13,-2.007833435,-0.015258477,7.857750660808866
Zhengzhou,14,-1.789576486,0.00015667176808727016,7.08458758846006
Zhengzhou,15,-1.54157314,-0.057815152,3.9475245563928256
Zhengzhou,16,-1.171399703,-0.022491389,1.431375086804865
Zhengzhou,17,-0.958314249,-0.016860516,-0.803492632
Zhengzhou,18,-0.691845142,-0.029075255,-0.588090665
Zhengzhou,19,-0.464096133,-0.017712097,-0.410171866
Zhengzhou,20,-0.352360305,-0.006527825,-0.322888108
Zhengzhou,21,-0.286512222,0.0067322270995151725,-0.271529857
Zhengzhou,22,-0.253700843,-0.001373525,-0.24764574
Zhengzhou,23,-0.227355508,-0.002806826,-0.227409888
Zhengzhou,24,-0.204487163,-0.005250539,-0.208769033
Ordos,1,-0.113912178,0.0368407179982888,-0.153883158
Ordos,2,-0.104530729,0.0364973515081028,-0.144178125
Ordos,3,-0.094438805,0.038462247410930336,-0.132393473
Ordos,4,-0.084963601,0.03809059603225242,-0.121354447
Ordos,5,-0.076799286,0.04023032938594709,-0.11087325
Ordos,6,-0.070996991,0.03876701717152948,-0.103334821
Ordos,7,-0.065891465,0.03536535674609718,-0.096897405
Ordos,8,-0.060373208,0.03478044310779629,0.7097769066588911
Ordos,9,-0.589882084,0.07064754034232021,3.3928248875153733
Ordos,10,-1.061398154,0.04894639499732109,7.2704875318223445
Ordos,11,-1.379195048,0.027253095512442867,7.206609232914175
Ordos,12,-1.528042486,0.017811980655106453,8.384922308551756
Ordos,13,-1.471740039,-0.010315061,10.35171552123938
Ordos,14,-1.23463555,-0.02356571,8.680553948132681
Ordos,15,-0.908124003,-0.016314765,6.122223704714979
Ordos,16,-0.637455469,-0.013028477,2.2633876150735466
Ordos,17,-0.482260182,-0.0069128,-0.492684131
Ordos,18,-0.357091088,-0.020568588,-0.384073392
Ordos,19,-0.300680495,-0.019148504,-0.333792302
Ordos,20,-0.261306253,-0.018447107,-0.301492459
Ordos,21,-0.227162845,-0.015474752,-0.271833516
Ordos,22,-0.200563475,-0.011045527,-0.247370097
Ordos,23,-0.175729301,-0.010046369,-0.224795515
Ordos,24,-0.156947796,-0.008926314,-0.20610487
Chongqing,1,0,0,0
Chongqing,2,0,0,0
Chongqing,3,0,0,0
Chongqing,4,0,0,0
Chongqing,5,0,0,0
Chongqing,6,0,0,0
Chongqing,7,0,0,0
Chongqing,8,-0.040735268,-0.002285762,2.0205997534033915
Chongqing,9,-0.155913904,-0.003426175,6.511230599154101
Chongqing,10,-0.340431224,0.0801810891004098,10.330525914874494
Chongqing,11,-0.57806496,-0.008026055,12.553195579362011
Chongqing,12,-0.847064029,-0.008482979,13.855331556694564
Chongqing,13,-1.001465886,-0.020142198,13.526918723625464
Chongqing,14,-1.089420386,-0.004255087,12.753523291897082
Chongqing,15,-1.097339271,-0.014553854,10.336155748347425
Chongqing,16,-0.866220125,-0.017628146,7.071211070974281
Chongqing,17,-0.606184927,-0.013025709,3.031543804158031
Chongqing,18,-0.358211388,-0.009709254,-0.282627307
Chongqing,19,-0.211297803,-0.009227471,-0.175876952
Chongqing,20,-0.152681955,-0.004482834,-0.131994288
Chongqing,21,-0.122480193,-0.00677762,-0.111678318
Chongqing,22,-0.103634992,-0.008369888,-0.098264255
Chongqing,23,-0.088802417,-0.007059451,-0.086618676
Chongqing,24,-0.076737826,-0.004945954,-0.07665191
Jinhua,1,0,0,0
Jinhua,2,0,0,0
Jinhua,3,0,0,0
Jinhua,4,0,0,0
Jinhua,5,0,0,0
Jinhua,6,0,0,0
Jinhua,7,0,0,0.9525603022851729
Jinhua,8,0,0,5.238215923222767
Jinhua,9,-0.169337412,-0.002745941,9.003218626087493
Jinhua,10,-0.421645796,0.007761519460933914,11.114943268618076
Jinhua,11,-0.710851969,-0.01409394,12.632407153859276
Jinhua,12,-0.886562528,-0.018179014,12.857634459338664
Jinhua,13,-0.818118726,-0.017337092,12.058786801480558
Jinhua,14,-0.668236829,0.029789350615489058,9.791571905873603
Jinhua,15,-0.610276209,0.020743057499873162,6.4615391498740635
Jinhua,16,-0.489659563,0.016807818693256097,2.1285155670998614
Jinhua,17,-0.346799023,-0.004961102,-0.240490402
Jinhua,18,-0.213588935,-0.008371607,-0.149051187
Jinhua,19,-0.133779278,-0.006773531,-0.097114326
Jinhua,20,-0.097447063,-0.005608462,-0.073633787
Jinhua,21,-0.078386204,-0.005928846,-0.061573212
Jinhua,22,-0.067730942,-0.004968882,-0.054954292
Jinhua,23,-0.059315267,-0.004090845,-0.049082819
Jinhua,24,-0.051965601,-0.003768212,-0.043860453
Yinchuan,1,-0.153736329,-0.006821167,-0.18670662
Yinchuan,2,-0.136380388,-0.006102675,-0.168412591
Yinchuan,3,-0.125947914,-0.006438517,-0.156278632
Yinchuan,4,-0.11999471,-0.009813218,-0.148908789
Yinchuan,5,-0.112993713,-0.007979208,-0.139577096
Yinchuan,6,-0.105025749,-0.00598087,-0.129048258
Yinchuan,7,-0.096629931,-0.005283291,-0.116902874
Yinchuan,8,-0.086748141,-0.006224833,0.3187731318917632
Yinchuan,9,-0.497489313,0.0027526108542417728,3.5004887268051337
Yinchuan,10,-1.164081039,-0.019077905,5.693642502369121
Yinchuan,11,-1.584518595,-0.034299689,7.346619747465179
Yinchuan,12,-1.755326672,-0.047004173,7.618141247751311
Yinchuan,13,-1.643563933,-0.052246548,7.576710177518171
Yinchuan,14,-1.324304478,-0.050650733,6.8709732809929225
Yinchuan,15,-0.982906186,-0.038337739,4.953958618486215
Yinchuan,16,-0.77049323,-0.031761705,3.1604322155685347
Yinchuan,17,-0.603997454,-0.019936418,-0.413585461
Yinchuan,18,-0.440433959,-0.024231927,-0.449017964
Yinchuan,19,-0.348671588,-0.018024047,-0.370870333
Yinchuan,20,-0.293398606,-0.015499033,-0.32240584
Yinchuan,21,-0.252772015,-0.015055513,-0.286711016
Yinchuan,22,-0.22080648,-0.01519841,-0.260415951
Yinchuan,23,-0.199791099,-0.012597312,-0.241479411
Yinchuan,24,-0.182048349,-0.012064806,-0.222171092
Changchun,1,0,0,0
Changchun,2,0,0,0
Changchun,3,0,0,0
Changchun,4,0,0,0
Changchun,5,0,0,0
Changchun,6,0,0,0
Changchun,7,0,0,0.5219446939192035
Changchun,8,0,0,4.581072792472555
Changchun,9,-0.154239133,-0.003334892,7.574675960521962
Changchun,10,-0.495345864,-0.014988593,6.424628981951086
Changchun,11,-0.906139005,-0.026902914,9.727203991943508
Changchun,12,-1.233377653,-0.0315262,6.893152365928791
Changchun,13,-1.356995346,-0.036859458,4.849380145756988
Changchun,14,-1.241752367,-0.035025208,2.7656154446016266
Changchun,15,-0.91070038,-0.021575736,0.20683013619744328
Changchun,16,-0.481901583,-0.009661139,-0.46294584
Changchun,17,-0.2923616,-0.014941506,-0.300332919
Changchun,18,-0.183870988,-0.004015009,-0.210422339
Changchun,19,-0.139174687,-0.004421689,-0.171563379
Changchun,20,-0.110896208,-0.00683373,-0.145775759
Changchun,21,-0.095098021,-0.003000703,-0.131147653
Changchun,22,-0.080702831,-0.002771276,-0.115909007
Changchun,23,-0.070169242,-0.002462624,-0.104952597
Changchun,24,-0.066603291,-0.002107832,-0.10105849
Changsha,1,-0.038329448,-0.002031036,-0.035294024
Changsha,2,-0.03406607,-0.001818208,-0.03185488
Changsha,3,-0.030291901,-0.001321629,-0.028688653
Changsha,4,-0.027012922,-0.001176691,-0.025965103
Changsha,5,-0.024589413,-0.001037994,-0.023807166
Changsha,6,-0.022580666,-0.000814868,-0.021848136
Changsha,7,-0.020162367,-0.000523697,-0.010120184
Changsha,8,-0.021250995,-0.004635813,3.152646178760295
Changsha,9,-0.044344548,-0.011017432,7.184109301260574
Changsha,10,-0.084124921,-0.007867508,10.273490669572615
Changsha,11,-0.166491892,-0.007935081,12.229787697757109
Changsha,12,-0.233213652,0.0035280231570929427,12.867112953850063
Changsha,13,-0.301722552,-0.018173184,12.722900233814563
Changsha,14,-0.344651099,-0.01635938,10.94256741823817
Changsha,15,-0.353884371,-0.014421241,8.393925169301099
Changsha,16,-0.321171449,-0.012277911,4.599543949051844
Changsha,17,-0.248853508,-0.010114785,0.5229368096940139
Changsha,18,-0.163441981,-0.010114567,-0.120876931
Changsha,19,-0.096916833,-0.011484758,-0.075028901
Changsha,20,-0.064993741,-0.003375925,-0.051236838
Changsha,21,-0.049463406,-0.001860326,-0.040488976
Changsha,22,-0.038884401,0.0012946251157482287,-0.032426964
Changsha,23,-0.033160203,-0.001392776,-0.029265777
Changsha,24,-0.03015677,-0.000713415,-0.02679586
Qingdao,1,-0.133180488,-0.030269471,-0.160942431
Qingdao,2,-0.113632547,-0.014526415,-0.139089097
Qingdao,3,-0.11238392,-0.028735086,-0.132986129
Qingdao,4,-0.127242024,-0.054077065,-0.14511953
Qingdao,5,-0.110891657,-0.041723308,-0.130685538
Qingdao,6,-0.058435731,0.01076315089923699,-0.076631088
Qingdao,7,-0.098223058,-0.051109045,0.28071640524222885
Qingdao,8,-0.077085651,-0.022401523,4.2993978996380715
Qingdao,9,-0.301784606,0.03615056533936922,7.89448757078325
Qingdao,10,-0.903506389,0.01011070491012396,9.803271719680676
Qingdao,11,-1.506728988,0.03815881823072457,9.21766721415132
Qingdao,12,-1.893075766,-0.048219486,9.504236182559575
Qingdao,13,-1.988456708,0.03682811542637135,8.481363734912943
Qingdao,14,-1.973209436,-0.000726706,7.015515419371605
Qingdao,15,-1.627083427,-0.063962239,4.013311916873555
Qingdao,16,-1.070925623,0.0013090245340464017,-0.035194437
Qingdao,17,-0.734067009,-0.022591815,-0.654402258
Qingdao,18,-0.41378244,-0.02797279,-0.38248715
Qingdao,19,-0.331255169,-0.021058717,-0.336195231
Qingdao,20,-0.296123438,-0.016576468,-0.308584641
Qingdao,21,-0.193831684,0.011818952493498965,-0.21165749
Qingdao,22,-0.219522996,-0.013721218,-0.244776995
Qingdao,23,-0.205709941,-0.010005767,-0.232284877
Qingdao,24,-0.137073299,0.009332789038124362,-0.157242408
Hong Kong,1,0,0,0
Hong Kong,2,0,0,0
Hong Kong,3,0,0,0
Hong Kong,4,0,0,0
Hong Kong,5,0,0,0
Hong Kong,6,0,0,0
Hong Kong,7,0,0,0.6201381677747535
Hong Kong,8,0,0,4.413994199208569
Hong Kong,9,-0.059371358,-0.00098513,7.684167523797287
Hong Kong,10,-0.185807105,-0.002393353,10.305813463384395
Hong Kong,11,-0.30565889,0.0022378711282677794,11.859233983106442
Hong Kong,12,-0.469306744,-0.005617892,11.832383613040857
Hong Kong,13,-0.569593081,-0.008210694,11.2482221904642
Hong Kong,14,-0.609981481,-0.0098523,9.339063246904177
Hong Kong,15,-0.600607247,-0.011057153,6.751189401615047
Hong Kong,16,-0.470241034,-0.011176262,3.265915444059495
Hong Kong,17,-0.349820633,-0.015094677,-0.06719192
Hong Kong,18,-0.247888434,-0.012240735,-0.207423118
Hong Kong,19,-0.161896005,-0.008199773,-0.137539476
Hong Kong,20,-0.116622689,-0.00609849,-0.102621683
Hong Kong,21,-0.092595589,-0.005060731,-0.084418028
Hong Kong,22,-0.077826743,-0.005017665,-0.073324025
Hong Kong,23,-0.067266898,-0.005265531,-0.065232921
Hong Kong,24,-0.059188675,-0.005363266,-0.058809026
