Id,ΔTmrt,ΔTs,ΔUHI,vertohor,blddensity,bldheight
16,11.757105963377114,-3.260379952879866,-0.052143671951760284,0.2877689898014069,0.076806902885437,20.1388888889
18,11.949916058749118,-3.479010109153805,-0.07835550988221485,0.1845269948244095,0.0512579008936882,17.8285714286
19,11.59696941213413,-3.835236676191613,-0.08369109672249084,0.21659499406814578,0.0533173009753227,20.389380531
21,11.899270754975092,-3.851189690018778,-0.10344393038790464,0.157479003071785,0.0552605018019676,17.0
22,11.061131995727713,-4.122355370737672,-0.06873648894767564,0.35139399766922,0.0909688025712966,16.7375565611
23,11.150936112274309,-3.2022615046057297,-0.032599092539827124,0.5275880098342896,0.1302880048751831,20.1444444444
24,10.11106848308227,-4.0489883221930185,-0.03716363662072489,0.7890440225601196,0.1487510055303574,26.4565217391
28,13.939533526151429,-0.5122568994054326,0.010214250582451567,0.09970899671316141,0.068189799785614,6.0
32,11.147345761431389,-4.295942933169705,-0.08809995137118615,0.2713629901409149,0.0636276006698608,18.0769230769
33,11.150548451580484,-3.9547377281946794,-0.0735879408429076,0.2879630029201508,0.0477492995560169,26.3333333333
36,13.065980732535849,-1.3226295941215085,-0.008167129558834363,0.1728110015392303,0.0397485010325908,23.619047619
41,11.651888405459523,-3.7623214702504484,-0.07989172187508459,0.2198929935693741,0.0577285997569561,16.8461538462
42,12.300641434680266,-2.3492177970451174,-0.030788158051305747,0.239996001124382,0.056410301476717,22.7802197802
47,10.92276579124566,-4.198795350806776,-0.06360285691742329,0.411998987197876,0.1296059936285019,14.7564575646
48,12.372107846273217,-1.8993557826895788,-0.015851666117658758,0.2748430073261261,0.0543316006660461,25.0588235294
50,12.348046383429342,-3.1217585912059462,-0.08230684427237317,0.1298580020666122,0.0374478995800018,10.6492146597
53,11.516475321164293,-3.6424945623744165,-0.05967950352336193,0.3117569983005524,0.1053690016269684,14.2931937173
54,13.47488480160414,-0.922540605448706,-0.00042149263247831525,0.1224279999732971,0.0332171991467475,16.0273972603
56,13.19576469289401,-2.138690321460036,-0.05973948741797647,0.0790619999170303,0.0371422991156578,11.1369863014
61,13.889365518667887,-0.8302981433305519,-0.004815493531073023,0.0692047998309135,0.0309590008109808,15.1428571429
76,12.582572933371793,-2.9247182698792784,-0.08081547296986391,0.1130340024828911,0.0412941016256809,15.958333333300002
77,12.35756618513441,-2.468173020892653,-0.03863055745439292,0.2035139948129654,0.047421999275684294,24.1851851852
78,12.188341526097076,-3.1495285057025697,-0.07296463165519124,0.1583490073680878,0.0400025993585586,26.612903225799997
80,11.407378741286443,-3.5798375315592565,-0.05719012480274316,0.3188009858131409,0.0718145966529846,23.7478991597
81,10.765195838687283,-4.025266951712602,-0.055084044999949316,0.4651789963245392,0.097530797123909,27.5857988166
83,12.060862206364895,-2.6196406290323253,-0.038287718071899235,0.236629992723465,0.0399919003248214,26.5384615385
85,10.718620135470516,-4.203712304402643,-0.06623113060379382,0.3992139995098114,0.0666415989398956,26.3154362416
86,10.161767360589216,-4.195809094360833,-0.04175381240268258,0.7263339757919312,0.160177007317543,24.5660377358
87,11.696959710652152,-3.975733886618947,-0.09923488420292614,0.1820620000362396,0.05461480095982551,18.1376146789
88,11.016274402744905,-3.0829935312475527,-0.02817644538356745,0.5567820072174072,0.087866798043251,31.427710843400003
93,13.930511751179651,-0.8126254558853567,-0.004504758143026866,0.0665988028049469,0.0333338007330894,8.44186046512
94,12.534436596150542,-2.807898440667408,-0.06893512920440648,0.1273909956216812,0.0372059009969234,13.4666666667
97,12.614992313952762,-1.2957776159913976,-0.0012756623081935925,0.2778390049934387,0.0437659993767738,41.8714285714
100,11.28666964745748,-3.9515129069288975,-0.07381483476540684,0.283053994178772,0.0624261982738971,21.9024390244
107,11.540445021837044,-4.01982000885797,-0.08836537513675258,0.2244269996881485,0.067960001528263,19.4375
108,12.55785726539306,-2.862717960378511,-0.06509845669853837,0.1465519964694977,0.0764273032546043,17.9545454545
114,10.899278665811046,-3.808654647685806,-0.05484427910023337,0.4065249860286713,0.0629033967852592,38.4392523364
115,10.976223720859394,-4.140020181261725,-0.06269741948002083,0.3972249925136566,0.1163629963994026,33.95
117,13.03444549312811,-1.5742867214709655,-0.017993146577633845,0.1508959978818893,0.0389316007494926,27.0
120,10.971838286805351,-3.839555113424602,-0.05792002918429584,0.3811700046062469,0.0626650974154472,32.359223301
121,11.474982505978268,-3.5447620964880784,-0.059396568762661084,0.2914940118789673,0.0611548982560634,21.5607476636
124,11.646389826810733,-2.9793155641857325,-0.040158439461673745,0.3159849941730499,0.05512269958853721,24.9375
130,10.833557474241886,-3.8296323407165502,-0.052575386212975084,0.4396879971027374,0.0715565979480743,36.6923076923
131,11.330310477487423,-3.806295722099456,-0.06321135471128259,0.3227910101413727,0.0869186967611312,19.2735849057
132,13.844203463267931,-0.7514276855596229,0.00295144907066075,0.115117996931076,0.0426302999258041,11.6304347826
133,14.180524854167459,-0.5966861221960293,0.003970083368490029,0.0685314014554023,0.0648401975631713,5.901315789470001
135,12.360291377262875,-2.776570120282713,-0.04829104375707777,0.2071350067853928,0.09231899678707121,8.8125
136,12.177064640896369,-3.160038258217263,-0.06394910684244337,0.19239600002765658,0.0746207982301712,11.5308056872
139,12.815519515949,-2.1301079686500266,-0.03562879729145407,0.1567479968070984,0.0575252994894981,19.8
140,13.169532078131908,-2.051092547389974,-0.04842779095073463,0.0950500965118408,0.0461645983159542,16.4166666667
146,12.217411734849861,-2.92032941264992,-0.06246268357348972,0.1617420017719269,0.0317105986177921,21.1690140845
147,12.45664166694624,-2.476908521453943,-0.042724982447494286,0.1775339990854263,0.0429443009197711,14.1
148,12.63118999352556,-2.22931864907644,-0.034104894723844315,0.1839050054550171,0.0582247003912925,14.6959459459
150,14.508166508733972,-0.2508249549537709,0.015161887482272318,0.0497696995735168,0.0342614986002445,5.07558139535
155,13.123190750086465,-1.2301371020647949,-0.00581440005746775,0.1610050052404404,0.0345773994922637,13.9117647059
156,12.233765707818506,-2.4974407620200587,-0.03700685814304583,0.2206780016422272,0.0438987016677856,27.2
160,10.87150521052859,-3.349226390544594,-0.032615840876223434,0.5991979837417603,0.11960099637508391,31.5
165,12.05163386556979,-2.97401038714915,-0.05843765288005126,0.18697600066661832,0.0325112007558345,30.09375
167,12.357158677129604,-2.5854735462624845,-0.040347797068596425,0.2186580002307892,0.0763769000768661,11.6404958678
168,11.226351486622349,-3.138140994233133,-0.03281638808358492,0.5121510028839111,0.1312700062990189,31.9875
170,14.268327346400945,-0.4327131498210903,0.009154056293216306,0.0593013986945152,0.04181519895792,5.95714285714
172,13.366729024370017,-1.712213117268199,-0.03812626893516513,0.081911601126194,0.0313328988850116,15.6
174,12.051466533219845,-3.3115941091965553,-0.08107570652079615,0.1553429961204529,0.0329134985804557,24.6818181818
175,11.789308747117893,-2.925221212928463,-0.04284927189188825,0.2755900025367737,0.0481344014406204,27.1188118812
178,12.24382303926852,-2.659321148377522,-0.04636333149860078,0.1916300058364868,0.0376560986042022,24.805970149299995
179,13.675535168198564,-1.7055176791845277,-0.05491242126498719,0.051266301423311206,0.0719418972730636,5.73287671233
180,11.214860226599129,-3.985283580639738,-0.06087552149686945,0.3806940019130707,0.1959179937839508,10.1294964029
181,10.968800654588229,-4.377128646766394,-0.066205058958205,0.3883430063724518,0.3204460144042969,12.3603896104
182,12.901900765017956,-1.4860932012499788,-0.008691531348525572,0.2672570049762726,0.11562100052833559,10.9347826087
183,14.114687478622827,-0.8899885188202568,-0.012770808787662846,0.0502096004784107,0.0315076000988483,5.95744680851
189,10.41421781171492,-3.8756768474815004,-0.040127248549527955,0.6578800082206726,0.1178930029273033,29.4481132075
190,11.553434842044716,-3.2638935632660733,-0.05637728676002368,0.2519800066947937,0.0329939015209674,32.6785714286
193,12.832246953591628,-2.759783741159687,-0.07537368785748622,0.1079899966716766,0.0926107019186019,8.86842105263
194,12.083868611182666,-3.711363345786957,-0.09172982439658933,0.1698990017175674,0.1220650002360344,9.18
195,13.351857261209034,-2.19367179275487,-0.07845499808891532,0.0583246015012264,0.0532214008271694,6.554621848739999
196,11.179937741630027,-4.082861347232068,-0.0653295311700142,0.3651640117168427,0.1555420011281967,10.3938679245
197,10.557962128786983,-4.085309845385822,-0.047196279348332315,0.588657021522522,0.1753060072660446,15.7654639175
198,12.504405239567923,-1.9865439893243142,-0.018943440523687793,0.2820729911327362,0.078039102256298,13.153024911
208,11.486938962724622,-3.787238663086235,-0.07597588147623147,0.2429009974002838,0.0509716011583805,23.625
210,11.951179297397935,-3.5894267916429357,-0.07707819337810987,0.2041749954223633,0.09381750226020812,14.1
211,12.618775738785814,-2.9971853562936275,-0.07760852085772546,0.127472996711731,0.0961676985025405,14.830985915500001
213,12.570328064481743,-2.805515279297758,-0.06439938132694256,0.1404159963130951,0.060880601406097405,13.6153846154
214,12.070682423204495,-3.5246921482698426,-0.07189635141355408,0.2085690051317215,0.2740359902381897,9.33510638298
215,11.939470197490557,-3.2172785917684905,-0.054865061132010784,0.2566370069980621,0.0993648022413253,18.2528089888
216,11.482136184708509,-3.218279340092039,-0.04038213864483642,0.407395988702774,0.135791003704071,19.323943662
217,10.625421691979952,-3.731241668638191,-0.0391602019905406,0.6078060269355774,0.1202590018510818,23.391459074699995
218,12.088375424323111,-2.8898754275025667,-0.04501643967273078,0.2527090013027191,0.0844691023230552,9.65299684543
222,11.663183396565962,-3.7654706938041187,-0.07567783900518327,0.2371259927749634,0.0789775028824806,13.819148936200001
228,11.521673408280392,-3.740959953520033,-0.07874831201906118,0.2240989953279495,0.0414688996970653,27.2368421053
231,11.144740100448473,-4.080207979328662,-0.0658079758365411,0.3627359867095947,0.1264040023088455,14.577777777800002
232,10.610928021428002,-3.5339460283855786,-0.03226875980516297,0.684332013130188,0.1365350037813187,25.9230769231
234,11.839209714524564,-3.307611688985425,-0.05944964299487504,0.2416809946298599,0.0679709985852241,20.0227272727
235,10.710539747757728,-3.879161837396495,-0.04462455315893202,0.565214991569519,0.1538670063018799,18.9942363112
236,11.654622602042096,-3.118070824858073,-0.04168579290415858,0.3521960079669952,0.1063420027494431,18.7926829268
237,10.332754061329695,-3.546913920620746,-0.023719617873816573,0.8799859881401062,0.2403630018234253,20.2227272727
238,10.214398023148654,-3.7359115154401366,-0.027763953197532748,0.8716229796409607,0.193681001663208,25.2682215743
239,11.528771502631898,-3.6545067077996123,-0.05799610442898545,0.3278590142726898,0.1508039981126785,9.98319327731
240,13.96531003647251,-0.7413611827726747,0.0007124063356126475,0.0850792005658149,0.0387738011777401,7.233766233769999
241,12.083961825130935,-2.9961175765621135,-0.06180083990396795,0.1758480072021484,0.0308158006519079,26.2105263158
245,11.582612896904791,-3.618225954674905,-0.06672986968268901,0.2587679922580719,0.0629730969667434,18.816
250,12.05151691494791,-3.276437707385668,-0.059611742031067505,0.2396270036697388,0.1501940041780472,20.0168067227
251,12.657552714384927,-2.99415077842977,-0.07840072909235635,0.125108003616333,0.1216989979147911,7.559055118109999
252,10.864931805082335,-3.4807789102561486,-0.03489469263791212,0.6100119948387146,0.1785539984703064,22.3308270677
253,11.043404373855218,-2.823101506667264,-0.019062737059874185,0.7141240239143372,0.2250269949436188,17.8813953488
254,13.25621639692676,-2.389756339156797,-0.09154879891201004,0.05795900151133529,0.0613481998443603,9.0652173913
255,12.756407723063049,-2.7482196746249343,-0.08496402942860343,0.0903789028525352,0.0308216996490955,14.625
256,10.624431169209494,-3.623750249087628,-0.03614645007245734,0.6411870121955872,0.1253000050783157,31.699507389199997
259,12.201692324133631,-3.1122969124521944,-0.07507631174895191,0.147148996591568,0.0324440002441406,23.1363636364
260,12.476264671318049,-2.610875942023732,-0.043339963413131954,0.20723700523376462,0.1159090027213097,9.47234042553
261,12.853516121795899,-2.554160411407345,-0.05631548568949668,0.1360629945993423,0.1800470054149628,6.77272727273
263,12.166412310745514,-2.2066232175188993,-0.021739839548793993,0.3004530072212219,0.0630318969488143,19.3036649215
264,12.78470142366006,-2.326203927635337,-0.05014058064523913,0.1226940006017685,0.0312399994581937,15.9411764706
272,11.35303499072834,-3.9823568894565895,-0.07305636044272162,0.2913840115070343,0.0866276994347572,15.2869565217
273,11.538459621805892,-3.5395865663209634,-0.06935533226388463,0.2339970022439957,0.0366716012358665,33.7397260274
275,12.33117869423176,-3.347619002299126,-0.0766144414359515,0.1670960038900375,0.2022289931774139,13.3366336634
276,11.561548269946023,-3.122316974472433,-0.038986826631171145,0.3894850015640259,0.1176080033183098,17.4266666667
277,11.944992173708279,-1.604052445283589,-0.002144076347028845,0.5787659883499146,0.1613090038299561,19.5265017668
278,10.537718268733059,-3.361568201347197,-0.02447532002130709,0.8174780011177063,0.1834380030632019,22.0147058824
279,12.937479790855484,-1.509634505202925,-0.012592008978892677,0.1781969964504242,0.0437357984483242,15.349693251499998
282,13.030176323169307,-2.570310861618772,-0.07843477240651386,0.0854203999042511,0.08140280097723,6.671328671330001
283,11.594802636427275,-2.2012981523779445,-0.011833716257836024,0.5957919955253601,0.1777399927377701,17.6978417266
284,11.810164505374395,-3.956428359580805,-0.09151899629304439,0.20042599737644198,0.11777199804782869,10.2297297297
285,12.438178748708204,-3.1207569008316867,-0.07452844850469503,0.1490840017795563,0.0916839987039566,9.70945945946
286,11.98507151646291,-3.2576761084814194,-0.057673402906309734,0.2455430030822754,0.1102180033922195,13.5
288,12.832259230305503,-2.0864379994668596,-0.03367840655079135,0.157381996512413,0.057285100221633904,12.3469387755
289,11.428447436623706,-3.3061822939284866,-0.04479786960173854,0.3638280034065247,0.0808451995253562,20.2048192771
294,12.096074251456358,-3.6565579531833023,-0.09889923349978019,0.1480730026960373,0.0651303976774215,9.04838709677
296,11.872297070234275,-3.326850283733954,-0.058475805745124676,0.2517400085926056,0.0887022987008094,13.0096153846
297,11.305509178002069,-4.2940088537587116,-0.07626587483384448,0.2961510121822357,0.3601840138435364,9.49763033175
298,10.436112405865913,-3.910913261025904,-0.03922513835973718,0.6697090268135071,0.14724400639534,30.5882352941
299,11.105649110542828,-3.7816422255596294,-0.05051915723423278,0.4478360116481781,0.1694090068340302,18.5108695652
300,10.31506030921583,-3.273178662342474,-0.015412741787493855,1.012840032577515,0.2409680038690567,20.3529411765
301,10.371163377672026,-3.3489493210132864,-0.019794416282645055,0.9334160089492798,0.2045409977436066,21.2341772152
302,12.179570613978228,-2.5804327471340542,-0.033925164953369724,0.2826359868049622,0.1071140021085739,15.0738916256
303,12.756067238200849,-2.582991027422345,-0.05337725639612567,0.1510100066661835,0.1423459947109222,8.9765625
304,11.470322965448062,-2.3875693700684053,-0.014803703446486627,0.6091629862785339,0.1810559928417206,18.0898203593
305,11.112561665047409,-2.769256269356987,-0.01808741886113746,0.692425012588501,0.2290849983692169,13.9271523179
306,11.02212675865809,-4.359837940954137,-0.07442413906935805,0.3560119867324829,0.1340620070695877,11.8115183246
307,11.921227490498161,-3.088170855380774,-0.052405097267053835,0.2430370002985001,0.05983199924230569,23.6732673267
308,11.770567206790226,-3.3722608533074094,-0.06262941542843753,0.2362609952688217,0.0547834001481533,22.7796610169
309,12.90827950155495,-0.9965680642054195,0.004993604959173059,0.2677940130233765,0.0368059985339641,31.443037974700005
311,13.137538151704938,-1.6640855772998364,-0.020640184214435253,0.1555110067129135,0.0993650034070015,6.0
312,11.998943828650816,-3.053987155797863,-0.04668598447564809,0.2811749875545502,0.1449940055608749,7.5858778626
313,10.80407218894834,-3.647029185772354,-0.03902325242433913,0.5749989748001099,0.1441230028867722,16.8575581395
314,10.601294530606246,-3.7143908571713595,-0.03805501391074079,0.6192240118980408,0.1166530027985573,18.3513513514
315,11.977495913261471,-3.4068009276465503,-0.07025049149445095,0.2038269937038422,0.0700739026069641,13.0555555556
319,14.005808104404672,-0.6908442889936204,0.0007696876915691542,0.0697287023067474,0.0432038009166717,6.84444444444
322,13.327474151225331,-2.159997659798595,-0.060521547735933434,0.0831305980682373,0.1372929960489273,16.9411764706
323,11.85436108990077,-3.762611158991568,-0.07795612069193938,0.2258040010929108,0.1452540010213852,11.2780748663
324,11.567016670433858,-4.075089610384538,-0.07578074262336928,0.2689529955387115,0.2553839981555939,15.320754717
325,10.82921954166251,-3.9150190764144313,-0.049564755090875184,0.5040439963340759,0.1408610045909882,23.1470588235
326,10.494941031556394,-3.6808459988667437,-0.031121366883941043,0.7415400147438049,0.2413720041513443,21.4807692308
327,10.289156717631947,-4.34869466586197,-0.04625037998235629,0.65065598487854,0.2511880099773407,18.9858356941
328,10.407491444764773,-4.122133563124478,-0.04429613257184689,0.6434760093688965,0.1748560070991516,30.1844262295
329,11.065773226643394,-3.2546130346091786,-0.03208337626631935,0.567891001701355,0.1551759988069534,20.0331325301
330,10.91570922449938,-3.31969015728896,-0.02911913107661751,0.6361140012741089,0.2577849924564362,19.0782608696
331,11.045366858921511,-2.9211816716901,-0.02207817314165214,0.6804919838905334,0.2148640006780624,20.7520661157
332,12.310909899661922,-3.3824910108696997,-0.09670022758460431,0.1256339997053146,0.052493598312139504,15.551020408200001
334,11.961331207012059,-3.2427636955011536,-0.056886678917315026,0.2468020021915436,0.0989983007311821,14.5243902439
335,10.663233805723102,-3.3220485058817744,-0.027289732604474093,0.7143380045890808,0.1257120072841644,28.875
336,12.20887987907934,-1.8898367316217808,-0.013064012527445878,0.3082259893417358,0.0391344986855983,32.2857142857
337,14.394181670552904,-0.47042404195588006,0.006698258178237826,0.0563427992165088,0.0308292992413044,8.25
338,12.581255465086045,-2.4918009352105024,-0.04554074472020436,0.1678780019283295,0.0577285997569561,13.3012048193
339,13.107702528580738,-1.611993885791069,-0.021430085060997472,0.1332550048828125,0.0367673002183437,16.4810126582
340,12.829351398789989,-2.2011126664569254,-0.039314146396378646,0.1484320014715195,0.05812820047140121,10.987012987
341,11.734186308536863,-2.768689775087381,-0.03329687873266546,0.3314490020275116,0.0592073984444141,20.625
342,10.878468858536237,-3.388987426462897,-0.032677866989313464,0.6042119860649109,0.1404969990253448,21.1228668942
349,11.036954547266369,-4.1712769952116915,-0.06104023033528641,0.4083679914474487,0.2667460143566132,10.8346456693
350,10.84260443275651,-4.387030180067214,-0.06693108595490313,0.4153929948806763,0.1493629962205887,21.1395348837
351,11.246277899860615,-3.2059879158840943,-0.0351948534295497,0.4870249927043915,0.1281699985265732,26.3392857143
352,11.349673613406821,-2.6472504069471228,-0.01995225444394,0.5570470094680786,0.1111079975962639,23.448717948699997
353,11.954349605230625,-2.03089640049814,-0.012205042149645351,0.4502550065517426,0.0895569026470184,24.2083333333
354,10.301463965919346,-3.4958272663962404,-0.02462225621744099,0.8732219934463501,0.1420129984617233,40.0394736842
355,10.196832399172315,-3.2509380356058486,-0.01193919883224287,1.124410033226013,0.24236099421978,24.3238289206
356,10.076388144840912,-2.975993319943562,-0.001113187907383878,1.421470046043396,0.3318569958209991,29.7261410788
357,10.338922434680235,-3.5129707021956946,-0.02502319231261005,0.8633440136909485,0.1710440069437027,25.688571428600003
359,10.796826133184965,-3.617660484066171,-0.03956247128699242,0.5656459927558899,0.12049700319767,28.663043478299997
360,11.118006069570782,-4.277289411603412,-0.06713547656632748,0.3650470077991486,0.2767949998378754,14.566844919799998
361,10.438486797190052,-2.622469019428202,-0.001676480168514044,1.315369963645935,0.1699160039424896,35.2272727273
362,11.28051749833056,-2.413076447152509,-0.012312311623552619,0.6517220139503479,0.1109040006995201,25.834586466199998
367,12.236712954700423,-2.7886224260087147,-0.055309024033835974,0.1713459938764572,0.0317245982587337,36.6346153846
368,10.933183075900295,-3.0888350608442465,-0.02675900898818062,0.6069210171699524,0.0940473973751068,34.8770949721
369,10.568581330842584,-4.160316336388981,-0.05441203876913708,0.5183939933776855,0.1083429977297783,28.306122449
370,11.883492152331328,-2.647430628721736,-0.032675772096088074,0.3077679872512817,0.0585047006607055,30.319148936200005
372,13.44038153706743,-1.5935985204196896,-0.03342208622442977,0.08036720007658,0.0321406982839107,13.5
377,12.203814214384963,-2.7571095437232174,-0.04784854247694431,0.2041970044374466,0.0435868985950946,21.9252336449
378,10.626702933858738,-4.448666464177144,-0.061030938857496386,0.4893850088119507,0.19097900390625,14.776504297999999
379,10.803160226066723,-3.973350940061792,-0.04934061094927375,0.5259400010108948,0.1810570061206818,17.1964285714
380,10.249469436343887,-4.288699882592816,-0.04588961994062141,0.673416018486023,0.183568000793457,23.0031055901
381,10.01572464055856,-4.384601503039697,-0.04253384599714782,0.7654470205307007,0.22258299589157102,21.2764227642
382,10.10814342426302,-4.220936227218566,-0.040424280169027965,0.7569720149040222,0.1814070045948029,21.9777158774
383,10.3765590694901,-3.7176887839613286,-0.03286264652502843,0.7537729740142822,0.1458539962768555,25.752380952400003
384,9.880190607675416,-3.574838528832508,-0.014328347647224599,1.208430051803589,0.2402070015668869,24.8336594912
385,10.151403087031653,-3.653353432565048,-0.02260168677629662,0.9548770189285278,0.237187996506691,25.8578680203
386,10.870949231180184,-3.8290627851634156,-0.053512183160090765,0.4230290055274963,0.0707437023520469,31.764705882399998
387,11.210863970907134,-3.390972204349211,-0.04537909818568864,0.3810609877109528,0.059060800820589,26.0625
388,10.205788671539302,-4.250226400423138,-0.04103624493543573,0.7159019708633423,0.2539289891719818,19.9756097561
389,10.209060682780638,-3.8934461914853458,-0.03030755051974346,0.825626015663147,0.253244012594223,20.5216216216
390,10.211851332529456,-3.0667888360534477,-0.008489093624224231,1.237259984016418,0.2125380039215088,28.780918727899998
391,10.962580575599539,-3.5410994242536447,-0.04156273111996711,0.4905169904232025,0.09538640081882471,24.5531914894
395,10.890730659372103,-2.837210709956416,-0.01888013418776391,0.7214409708976746,0.1063629984855652,45.6283783784
396,12.963441071694511,-2.003276197297353,-0.037556635232841085,0.1226970031857491,0.0350825004279613,18.9782608696
398,11.265005006375787,-3.3630416876485896,-0.050647401331123,0.3246900141239166,0.0405750013887882,62.275862069
400,12.907724651303838,-2.4268542387769614,-0.05207616146593738,0.1395940035581589,0.1730380058288574,28.4594594595
404,13.69578616848456,-1.3963954161401801,-0.03141605025830463,0.0627453029155731,0.0395698994398117,6.0
407,10.970429334607608,-3.638491248122662,-0.04079864659801369,0.536765992641449,0.2202890068292618,12.019565217400002
408,10.710075924396278,-3.232612702308664,-0.024867739862835136,0.769137978553772,0.1674479991197586,27.103448275900003
409,11.136597603800425,-3.6453879335517954,-0.04648874987235663,0.4590969979763031,0.1654340028762817,19.04296875
410,10.210197384935228,-3.760739308512555,-0.026900109960735108,0.8720250129699707,0.2584510147571564,18.4464285714
411,9.918936527588109,-3.8119862215902245,-0.021945133487964674,1.044540047645569,0.2500619888305664,24.6073170732
412,10.365712551336664,-3.616767024503794,-0.026747574016930953,0.8328239917755127,0.2323620021343231,22.4210526316
413,11.571083509777615,-3.6280151920240584,-0.05731557980254559,0.3307999968528748,0.1958940029144287,16.9885714286
414,10.479239453643537,-2.730909506770246,-0.0046110009404391195,1.198830008506775,0.2048439979553223,27.9705882353
415,10.863777375966166,-3.6367583474554905,-0.04438740812403291,0.4858869910240173,0.0825631991028785,32.9803921569
416,11.302491818796298,-3.2483557978029722,-0.037830233771348865,0.4501209855079651,0.1176289990544319,20.8189655172
417,10.984970802897578,-2.6731025811421034,-0.014647715158435964,0.8164590001106262,0.20084500312805179,25.7398119122
418,10.086937447393403,-3.5852565374124623,-0.01897961317128119,1.034459948539734,0.2477640062570572,23.423580786
419,10.032604598468701,-3.0648547675510187,-0.002376419934488616,1.422940015792847,0.2930589914321899,31.735023041500003
420,11.776333317443964,-3.429630898326856,-0.05703026241674408,0.284976989030838,0.132873997092247,11.1974522293
421,14.016791803830557,-0.49094706172345326,0.010326459276365552,0.0981255993247032,0.05075230076909059,8.0
430,12.140979218500618,-2.3059077321437265,-0.02303136276496659,0.3551470041275024,0.1547359973192215,15.3940677966
431,10.50589768919803,-3.1603800642807798,-0.017275183792812426,0.9301030039787292,0.2179100066423416,26.7771428571
432,11.516510435240399,-3.666117800799185,-0.05729374637777793,0.3419879972934723,0.1798900067806244,15.7386934673
433,10.031871469106555,-3.6441289344426124,-0.021158988872020806,1.032500028610229,0.192208006978035,25.3984375
434,10.178534606517161,-3.468682191777127,-0.018626302993309002,1.021100044250488,0.2176959961652756,23.2351648352
435,10.633187577649686,-3.250813792679125,-0.023093787440271546,0.8045960068702698,0.2026800066232681,20.7591240876
436,10.331789903042782,-3.6478387185604504,-0.026816284072527785,0.8428859710693359,0.2272779941558838,20.9925742574
437,10.140244841882378,-3.4820615797834122,-0.017062070720359396,1.045570015907288,0.2447479963302612,18.7819420784
438,10.942495208748781,-2.850004037957838,-0.01823087811177454,0.7557939887046814,0.1925339996814728,21.684375
439,12.303571394435139,-3.3992254580388135,-0.09566634543504776,0.1285430043935776,0.05916729941964139,12.2014925373
440,11.256180161247592,-3.342169551691157,-0.04049960026293836,0.4371910095214844,0.10183999687433241,20.5041322314
441,11.628930419575504,-2.954558479807517,-0.033776736618712944,0.4153119921684265,0.1502600014209747,14.710610932500002
442,10.96014388348096,-2.832893678292038,-0.017963915539747244,0.7478070259094238,0.1702380031347275,22.0
443,10.405326169185422,-3.349556617317816,-0.019974631160413953,0.9129769802093506,0.2158599942922592,21.7462311558
444,12.60719587319575,-2.7352639634221774,-0.05675032125084428,0.1594769954681396,0.09438490122556681,9.83408071749
445,13.305320034519518,-1.2109605006754194,-0.005873219121094064,0.1762820035219193,0.0424706004559993,15.0857142857
452,12.646625125219657,-2.3153802967309574,-0.03964810306333205,0.1690679937601089,0.0540518015623092,24.7021276596
457,11.646817417386153,-2.998413839604126,-0.03541856437249441,0.4048709869384766,0.1557130068540573,13.4807692308
458,10.227749191616645,-3.328348585136304,-0.014749914977358003,1.054640054702759,0.2674559950828552,24.1223175966
459,11.146549128401439,-3.2986755539820436,-0.034456615198249385,0.5425829887390137,0.2025270015001297,16.3073047859
460,12.698710685370393,-1.893626801528594,-0.019791554313617232,0.2331950068473816,0.0832580029964447,12.2737642586
461,11.335059865644418,-3.031644140506252,-0.029939856234144357,0.5192070007324219,0.1844629943370819,14.247706422
462,10.914960923115878,-3.8268514065226,-0.04778247998800883,0.4961679875850677,0.1473210006952286,17.3832752613
463,11.07161766039571,-3.3247063999788296,-0.0351844922200335,0.5275700092315674,0.1241810023784637,21.5888888889
464,10.784271444645064,-3.4603169851456386,-0.032482021375097286,0.6482030153274536,0.16389100253582,20.2951289398
465,11.70053647957618,-1.957886808274914,-0.007161379141458424,0.6260120272636414,0.1617379933595657,18.9710982659
466,11.668831753077662,-2.5913885051026853,-0.02336570919221581,0.4618470072746277,0.1322139948606491,17.4264705882
467,11.572256219265206,-4.2027173657080255,-0.08970048790567894,0.234824001789093,0.1429000049829483,13.556962025300002
470,11.88031160953414,-3.6532720682972766,-0.08510225869856536,0.1846249997615814,0.0591109991073608,18.6944444444
471,11.371732473405508,-3.1303767884552016,-0.03353919556829771,0.4827769994735718,0.173331007361412,12.92
472,13.152238265206847,-0.6893197547015504,0.010131815437042446,0.3199990093708038,0.0911855995655059,14.8673469388
473,13.162667081202827,-1.7114595045291523,-0.023766751124764007,0.1461849957704544,0.0702641978859901,9.26530612245
477,14.07129283702362,-1.1278890940026614,-0.04633315190798981,0.0364766009151935,0.0421374998986721,7.65
479,11.55657305310335,-3.1346097546705423,-0.04025904221938181,0.3708600103855133,0.0963182002305984,18.9038461538
482,11.334112136531445,-3.514997293770847,-0.04733433613792343,0.406345009803772,0.1309940069913864,16.1590909091
483,10.730633018522283,-3.1858216796861285,-0.023410397261962812,0.7646260261535645,0.1888580024242401,21.8338108883
484,10.061576681568454,-3.0175085508896586,-0.0005820712894278324,1.450719952583313,0.2654489874839783,26.7701375246
485,10.275729192856659,-3.4703857001372995,-0.020542947466646477,0.9460229873657228,0.2217449992895126,18.6717267552
486,12.273173504164063,-3.1626584796307142,-0.08235265191386143,0.1339379996061325,0.0350529998540878,16.6976744186
487,12.000678893496122,-3.210287970897319,-0.061406401804258715,0.2119529992341995,0.0627584010362625,16.4302325581
488,10.93970021586015,-3.5033253171334096,-0.041506776439668824,0.474810004234314,0.0792808979749679,30.9771428571
489,11.875455340828829,-3.4796374077219596,-0.08258352772455169,0.1712799966335297,0.0357675999402999,26.8846153846
490,11.306552108669365,-4.091215771234253,-0.07442332539607252,0.3021959960460663,0.1067629978060722,24.0
491,10.878722455061265,-3.3940690975430954,-0.03302348849792286,0.6024249792098999,0.1362490057945251,21.3385579937
492,10.233720613481559,-3.2059836262183836,-0.012460975312894668,1.119490027427673,0.2255530059337616,25.113461538500005
493,10.487103648575037,-2.6928178836697896,-0.0024668491641648416,1.215029954910278,0.2649399936199188,20.9575471698
494,10.315166928099622,-2.500584896606874,0.008712496513456097,1.6265599727630617,0.3359990119934082,28.3274336283
495,10.19621228974745,-2.8151072932269727,-0.0010403520339588579,1.44911003112793,0.2979040145874023,34.6136363636
496,11.76091944838749,-3.6143979929334904,-0.07794835289596913,0.2046239972114563,0.0519816987216472,19.4186046512
497,13.061887359633431,-1.4734698829944968,-0.010870060236793655,0.2177219986915588,0.0964777991175651,11.714828897300002
503,11.242354955494179,-3.652660358929495,-0.05724149660622918,0.3349030017852783,0.0619295015931129,26.13
504,11.185004690913324,-3.8169533636915816,-0.059862603789507696,0.3541240096092224,0.0791316032409668,21.234375
512,13.562335380475659,-0.8409924175797663,0.003486675264189887,0.1625490039587021,0.1125900000333786,7.86301369863
513,10.900446203254369,-2.874161649749418,-0.017806861993066886,0.7682309746742249,0.1768839955329895,20.9570200573
514,10.886297788847216,-3.38670694340059,-0.031803805511445515,0.6284859776496887,0.2025250047445297,17.0732984293
515,10.581150724168559,-3.1820902511370335,-0.01871920041809136,0.8663129806518555,0.23601700365543368,20.0753424658
516,11.212595289489848,-3.734664913142595,-0.05482926634937002,0.3788250088691711,0.10489200055599211,19.3899082569
517,10.60874122345102,-3.116979485261382,-0.018662776414564847,0.8569650053977966,0.1708839982748032,21.1025641026
518,11.302555666004743,-3.50558569166904,-0.045047813428474415,0.4320780038833618,0.1707350015640259,12.928057553999999
519,12.248226185988443,-2.2806274185273026,-0.024104368319918634,0.3093880116939545,0.1157350018620491,12.4532374101
520,11.007468249083573,-3.5257880755424864,-0.040798268634427426,0.5054900050163269,0.12225300073623659,22.7405660377
521,10.243463116344174,-3.3786460964252143,-0.019342452022096335,0.991707980632782,0.1671199947595596,29.4782608696
522,10.646412467493562,-4.156335856968653,-0.05567210989313895,0.4946169853210449,0.1147399991750717,24.4562211982
523,10.6321498274868,-3.401069998571252,-0.02783510515494797,0.7421510219573975,0.1775870025157928,22.96875
524,10.072068798590443,-3.5942187590821604,-0.019959874253807852,1.027060031890869,0.2129130065441132,22.8665297741
525,10.840035262699047,-3.85102540694821,-0.05116147750463668,0.4576340019702911,0.0896944031119346,26.8429319372
526,10.228881465846882,-3.690501990230892,-0.02795938150883226,0.8452820181846619,0.1597020030021667,29.790209790199995
527,10.88331136046844,-4.1936986185992,-0.06607893879444757,0.3873409926891327,0.0942543968558311,19.773480663
528,13.048195498691534,-1.4320486116064366,-0.009743742304625491,0.2031089961528778,0.0860370025038719,10.1701244813
535,11.977612325730732,-3.5699881552056,-0.08252890056106757,0.18233199417591092,0.0655369982123375,19.623853211
536,10.453830786727167,-3.9703279342273845,-0.04474399609132587,0.6054530143737793,0.10728000104427339,28.7853658537
538,13.189278187456225,-1.5302838934562146,-0.019212678005012307,0.1322090029716492,0.045193500816822,16.2295081967
539,10.722306353390621,-2.5631990955473967,-0.009016479168097502,0.9410859942436218,0.09960590302944182,61.36734693879999
541,12.238467419606465,-2.169535386103444,-0.022406106457736996,0.2756170034408569,0.0556979998946189,21.0
543,13.98417359971554,-0.631043963885066,0.005796954049398839,0.1023039966821671,0.0344161987304687,11.6504854369
544,13.72995666998768,-0.6833951401995755,0.00693062237251435,0.1416089981794357,0.09861409664154051,7.58411214953
545,11.486840154232176,-3.1082901675398062,-0.03525016671527098,0.4431850016117096,0.191990002989769,11.6524822695
546,10.664517738556171,-3.698604518671459,-0.03725422393732847,0.6373440027236938,0.1745900064706802,19.3658536585
547,11.021423526878486,-3.411126591416526,-0.03840689059318625,0.4909499883651733,0.09593959897756571,24.7570093458
548,12.21073799575634,-3.171836331886283,-0.06196287129261885,0.2049639970064163,0.1270489990711212,10.0845070423
549,10.350063791908745,-4.182124461103385,-0.04140564005056871,0.6579279899597168,0.3098199963569641,17.6409574468
550,10.77474310428979,-4.234093420271456,-0.05643710803409421,0.4847919940948486,0.2042739987373352,17.0388349515
551,12.039965566695798,-2.311867162190392,-0.021146189423112915,0.3861410021781921,0.1301909983158112,14.671232876700001
552,11.184774643732446,-3.1599770763330497,-0.03156398378066877,0.522288978099823,0.1289909929037094,17.195335277
553,9.929092369103664,-3.3027486623323625,-0.006102793031766918,1.354079961776733,0.2614449858665466,25.931906614799995
554,10.06247004436596,-3.0003499199081176,-0.0001599007617662518,1.4632500410079958,0.2697409987449646,27.2970779221
555,10.324296401034537,-3.909402282553323,-0.034015597781663354,0.7501810193061829,0.2568430006504059,19.1934782609
556,10.713605471997155,-4.055129843020815,-0.052446241825056084,0.5011489987373352,0.1289950013160706,20.7887323944
557,11.440557624195407,-3.9774803328470583,-0.07107973761745515,0.3012990057468414,0.1380590051412582,17.9642857143
558,11.967146425329766,-3.610978780847276,-0.07685937688168823,0.20583100616931918,0.1216380000114441,15.926829268299999
560,11.282823925276027,-3.2111908682626904,-0.03554232763391951,0.4850330054759979,0.1408109962940216,21.5044247788
563,11.840329982790898,-3.2078314876198135,-0.05358028668943471,0.26180300116539,0.0720186010003089,21.3
564,10.974317743435272,-3.9400539313214935,-0.05878618979111977,0.3972510099411011,0.0823384001851081,23.3450704225
565,12.429900511989231,-2.7640816481279344,-0.056793818789840744,0.1619880050420761,0.0459988005459308,18.0857142857
566,11.810055835742382,-2.810665004185836,-0.036410807003924406,0.315187007188797,0.064750999212265,26.0
567,11.290136891194884,-3.2284758815877908,-0.03831727433408427,0.4296590089797974,0.088120698928833,25.0545454545
568,11.080933914859557,-3.691256217723918,-0.053441082854528144,0.3828589916229248,0.0671868026256561,28.0227272727
569,10.693011390277668,-3.6447577302436827,-0.04036137092104625,0.5513250231742859,0.0848309025168418,30.324324324299997
570,12.172542922667411,-2.2196562088285994,-0.022398466632924108,0.3036650121212006,0.0694146007299423,23.4485294118
572,11.945780096214698,-3.291815703590018,-0.06608545698084745,0.20510199666023252,0.05198809877038,24.2142857143
575,14.294131809069775,-0.5565114200986869,0.0032250536663024354,0.0551177002489566,0.0378028005361557,6.918367346940001
576,11.86511535783697,-2.6699990859156735,-0.02845750177152434,0.3878780007362366,0.1917310059070587,8.66048237477
577,11.945440769267144,-3.637690458041561,-0.085301585676265,0.1814080029726028,0.0679967030882835,8.55172413793
578,10.901279756540447,-3.5324239270284323,-0.03791564870501607,0.5523380041122437,0.1333539932966232,19.1546052632
579,10.55007618934006,-3.9804201969856763,-0.04194253711037277,0.6309080123901367,0.2204660028219223,15.2857142857
580,10.144841799479316,-4.056024439016092,-0.03588640276501562,0.7958059906959534,0.19065600633621219,23.7217391304
581,10.297903035093114,-3.8043930583777694,-0.03132364767081047,0.7991260290145874,0.1954510062932968,22.8685714286
582,10.007679088259295,-3.6718201583821397,-0.020497247051749073,1.047369956970215,0.219311997294426,21.889380531
583,10.372449973793323,-3.4427170704298007,-0.02260525446887776,0.8921989798545837,0.201321005821228,18.2906764168
584,9.954809598970236,-3.2700233487733,-0.005418882501981082,1.334190011024475,0.2999919950962067,26.975855130799996
585,10.092045985682567,-3.2165060908850123,-0.008959233477360773,1.249400019645691,0.24740199744701388,27.965517241399997
586,10.05585722283022,-3.4387600533628557,-0.015146518163189432,1.132699966430664,0.207056000828743,24.2803738318
587,10.389766186020545,-3.766755574738113,-0.032185174010002315,0.7619829773902893,0.1942570060491562,22.8242074928
588,11.156209065196293,-3.5465456557267103,-0.04551201733369742,0.4402459859848022,0.1122599989175797,26.563636363599997
590,10.328370625300565,-3.720283307956649,-0.030457347383878147,0.8033859729766846,0.1806219965219498,23.0267857143
591,10.388786108548857,-3.6229530425527727,-0.02967972613070266,0.7916470170021057,0.1585340052843094,28.188461538500004
595,12.095608877866027,-3.2217893430063356,-0.07350803888909302,0.165570005774498,0.0387395992875099,18.6835443038
596,11.489238714702772,-3.9489163283109505,-0.08591011226873621,0.2255939990282059,0.0531746000051498,18.8086956522
597,12.005363277941356,-3.309366259150707,-0.06945889215671741,0.1931899935007095,0.05253839865326881,19.125
599,12.204508763351392,-2.0587614275218407,-0.01707440367038704,0.339713990688324,0.0883752033114433,20.7401574803
600,12.62627227692711,-1.9896309478884433,-0.021879858405156938,0.2465929985046387,0.1167339980602264,14.8125
601,11.542591853190075,-3.3807802810036094,-0.05307733092554012,0.3033449947834015,0.0656654983758926,22.848
602,12.110115573453967,-2.9070828919000746,-0.045828529740994994,0.2538959980010986,0.10014399886131288,13.8633540373
603,12.668375578598521,-1.9073081988889236,-0.022327194339954892,0.200643002986908,0.04964639991521829,23.506329113899998
605,12.455408396851126,-2.119196722124073,-0.02848928184177041,0.19294799864292142,0.0312600992619991,29.15625
610,11.652431040311498,-3.5311153087023257,-0.06374528450702271,0.2589820027351379,0.0685871988534927,17.9605263158
611,12.022805222990549,-3.170411959544168,-0.05640848616087879,0.2348199933767319,0.0878728032112121,14.381818181800002
612,11.54568447999921,-2.922343040369917,-0.032038662409397844,0.4257020056247711,0.11299599707126619,20.3793103448
613,10.764397204198744,-3.24445440645146,-0.027499963972941632,0.6662750244140625,0.1118979975581169,31.4702970297
614,9.968464415830248,-4.257170743465032,-0.03827455828548468,0.8220000267028809,0.1930669993162155,23.4033613445
615,10.65151190435504,-3.6177633377572036,-0.033216537374745364,0.6781960129737854,0.1992110013961792,27.551282051300003
616,10.503041452412177,-3.1184169695353603,-0.017687632165557354,0.9147610068321228,0.1471810042858124,28.7806451613
617,9.88835948736169,-3.4904501559132015,-0.011559758740562837,1.255470037460327,0.24404799938201902,30.731707317100003
618,10.41034068478995,-3.5557949741282826,-0.02595190401159314,0.8264060020446777,0.21628400683403018,21.1764705882
619,10.066114259713395,-3.512140114332908,-0.017345749571128194,1.082280039787292,0.211229994893074,27.5386533666
620,11.4621900467138,-2.756255801206656,-0.024843178704065327,0.4989089965820312,0.1239399984478951,19.8645418327
621,11.792022874950689,-2.958611547554682,-0.03810109450184418,0.3440169990062714,0.11887799948453902,13.056818181799999
622,12.279171973575018,-3.438373702016534,-0.09401306756984695,0.1355970054864883,0.067933402955532,13.7647058824
624,11.740544033821259,-3.677317205491903,-0.06869594708372131,0.2588419914245605,0.1275700032711029,11.837438423599998
625,12.002406582537695,-3.1075837647705455,-0.0625023509653111,0.19026100635528562,0.0367185994982719,24.2578125
629,11.475849878196726,-3.516637263703423,-0.05938687543092608,0.2866050004959106,0.055842101573944,26.6210526316
630,12.427162422225535,-2.9024751572514305,-0.07256031009178926,0.1291300058364868,0.0315603017807006,18.0
632,11.921063798056863,-3.1295174416197042,-0.048009611143493724,0.28923499584198,0.1336259990930557,10.6313868613
633,11.975219163463542,-2.716331957959156,-0.03308282737178425,0.3449440002441406,0.158488005399704,13.3463414634
634,11.375446190163395,-3.4590645232882835,-0.05169808373484974,0.3384799957275391,0.067494198679924,29.8076923077
640,10.944602948480835,-4.026225354942191,-0.05513028797496003,0.4575679898262024,0.1750929951667786,14.477419354799999
641,12.347648699280555,-3.090147917047709,-0.08425007554416458,0.1228829994797707,0.030570900067687,22.6875
642,13.054906933898664,-2.14117235431063,-0.044084840668998315,0.12013299763202669,0.076589398086071,8.15254237288
643,12.340278544570118,-2.8209447107005516,-0.056554642786073306,0.1705809980630875,0.0465448983013629,17.5188679245
644,11.84750283957824,-3.6002751867798324,-0.06769453631004682,0.2494699954986572,0.1568830013275146,10.4078947368
645,10.344168848343969,-3.4888993067146856,-0.02423816770904999,0.8692560195922852,0.1653620004653931,31.11328125
646,10.72782770861729,-2.899549829539552,-0.016630406858953672,0.8140119910240173,0.1168230026960373,32.5748031496
647,10.187223937534164,-4.066651062719487,-0.037439304628944375,0.7677180171012878,0.1835599988698959,25.0673076923
648,10.57950251873163,-3.764600535099383,-0.037766382352913325,0.658922016620636,0.170195996761322,21.5835866261
649,10.958457540210809,-3.7637668391566237,-0.046462551220008114,0.4975619912147522,0.1573120057582855,18.5337423313
650,10.205875886530677,-2.9725879490090605,-0.00683536058246853,1.287989974021912,0.1763519942760468,35.9647058824
651,10.66525695511848,-3.4657895666479277,-0.030271512031594672,0.704800009727478,0.1789339929819107,21.5823529412
652,12.289789083693748,-3.1372098482424136,-0.0679084971092152,0.1730909943580627,0.0787132978439331,11.3313253012
654,12.27217107768245,-3.015262304497192,-0.05813424306122206,0.1971359997987747,0.0949461981654167,13.946564885500003
655,10.538609724236494,-2.943634502777499,-0.014478803232580384,0.9005709886550903,0.1049719974398613,35.0484261501
658,11.903579654126744,-3.1596084888333777,-0.050953877788130486,0.2684719860553741,0.0945897027850151,12.4903846154
662,12.104635238941825,-2.2986022191140556,-0.022574578500555442,0.3463059961795807,0.097784899175167,19.0551724138
663,12.798697864352796,-1.9993162299208045,-0.025907456170622067,0.20292699337005618,0.1234690025448799,10.8
664,11.285319447463152,-3.447610608699698,-0.046521956265848985,0.3876439929008484,0.0837192013859748,21.5165562914
665,11.245116926552257,-3.917590481992441,-0.060731973079061724,0.3673470020294189,0.1421799957752228,12.619672131100002
669,11.316390446950685,-3.6463108103585498,-0.06477004182507978,0.2806490063667297,0.0425788983702659,36.9545454545
673,11.067280906133455,-3.688102277258878,-0.04521392514408781,0.488976001739502,0.2290000021457672,14.228571428599999
674,11.743018367801547,-3.2552991860969698,-0.04836181084939217,0.3187279999256134,0.1340740025043488,13.561797752800002
675,12.982351383883234,-2.068556020805204,-0.03897527082101121,0.1273699998855591,0.0511058010160923,8.22711864407
676,12.602656399348604,-2.5343239918820117,-0.047306006045160276,0.1670369952917099,0.0694556981325149,10.9431818182
677,12.62414326531588,-2.9571205290363025,-0.0715769426711445,0.1386550068855286,0.1389580070972443,7.90588235294
678,12.044550800669263,-3.114644363340844,-0.052184959272654985,0.2539870142936707,0.1219479963183403,12.96
679,11.251329418037542,-3.46561619462792,-0.04300849666682893,0.450219988822937,0.1538749933242798,17.606741573
680,11.206146124657508,-3.6975697945789747,-0.05064022700144927,0.4147140085697174,0.1350859999656677,12.6350364964
681,11.13308360038549,-3.813341500133056,-0.051986947509119946,0.4312640130519867,0.1728339940309525,10.9807692308
682,11.702283797104265,-2.9666551739753686,-0.038738326495666275,0.3300710022449493,0.0736000016331672,15.7115384615
683,11.14680526083982,-4.185703259444175,-0.07266915126893989,0.3288339972496033,0.1014939993619919,27.686746987999996
684,11.398757089370456,-3.319640734709459,-0.04875524819035798,0.3255060017108917,0.0520683005452156,30.044444444399996
685,13.019697415711697,-2.489759418656398,-0.07526656055999198,0.0838031023740768,0.04730419814586629,11.25
686,11.928707897074887,-2.9186832903005637,-0.05207179354354968,0.2072329968214035,0.030206000432371996,30.9857142857
687,12.559004030200974,-3.0039648875069176,-0.08687513793886514,0.1090580001473427,0.0405770987272262,10.6046511628
692,13.051253357575035,-1.279975248668297,-0.005034369116600601,0.2326650023460388,0.10158000141382219,15.1353383459
693,13.033724754359064,-1.4647925753395619,-0.010889578392560773,0.1988790035247803,0.095269002020359,10.4089068826
694,11.955173526524561,-2.817209109374012,-0.03596073698006108,0.3305310010910034,0.1532769948244095,10.2795389049
695,11.62103490308671,-3.790444262767437,-0.07462331787608761,0.2481530010700226,0.0823204964399337,18.8157894737
696,11.349791585196272,-3.4149747222707916,-0.045895434156128845,0.3867700099945068,0.0956988036632537,19.445026178
698,13.388559105980377,-1.7546649341619052,-0.042282743978871995,0.0764982029795646,0.0321066007018089,13.2352941176
700,12.392300106548696,-2.9707361477137937,-0.05738899477036469,0.1950100064277649,0.1905139982700348,7.90677966102
702,11.102339336451756,-3.519313810309903,-0.042837859045606164,0.4631159901618958,0.1118609979748726,19.8023255814
703,11.757804079899543,-3.2703472936823275,-0.049765764991059835,0.3104619979858398,0.1267160028219223,15.0643776824
704,12.188936419246552,-3.405158406295179,-0.0724063872493472,0.1945150047540665,0.2074040025472641,8.47767857143
705,12.43541534405184,-3.1113990368658477,-0.06967327928352968,0.1646479964256287,0.1365599930286407,8.81347150259
706,11.569579532934917,-3.656245769544796,-0.05904511939986759,0.3217670023441315,0.1721480041742325,14.530726257
707,11.669812451693808,-3.10615164017495,-0.039621023184167825,0.3787429928779602,0.1555439978837967,12.240418118500001
708,10.764362142363652,-4.04404188790366,-0.05095547222889896,0.5184550285339355,0.1777009963989258,15.665625
709,11.982710964277402,-2.7156413899887824,-0.034710679037552594,0.3057389855384827,0.0900729000568389,13.6956521739
710,11.354091462266119,-3.051551789807924,-0.03583630511961261,0.4010820090770721,0.0626984983682632,37.1125827815
712,11.850544948997175,-3.2709665487715966,-0.06351823376420707,0.21417200565338132,0.0432897992432117,31.5254237288
721,13.807596281475206,-0.9457955873060868,-0.00644862575890931,0.0860826969146728,0.0644467025995254,9.75
722,12.702186293373877,-2.042463975050321,-0.02781634391881871,0.1904830038547516,0.060316398739814696,19.4545454545
723,12.95701007121776,-1.837917553058002,-0.024735980106346367,0.1676339954137802,0.0750961974263191,13.6941176471
724,11.638298467957497,-2.4156660897484947,-0.01930705738400268,0.4674080014228821,0.0903040021657943,36.0230769231
725,12.134597531788323,-2.4178240361744585,-0.03212442576264091,0.2404379993677139,0.0384534001350402,35.5479452055
726,11.926219515013834,-3.211922656946541,-0.06390099121426568,0.2010949999094009,0.0405814014375209,22.0263157895
730,10.761774985730767,-3.6367076626318138,-0.04119313394171664,0.5270529985427856,0.0847096964716911,22.2098765432
731,11.77608558985353,-3.2547361235437364,-0.05826416054951655,0.2373369932174683,0.04714560136198989,15.25
734,12.649339250920413,-0.73470884818515,0.013358297681753062,0.4121310114860535,0.058889400213956805,25.946564885499996
735,10.929258601231922,-3.087643832819417,-0.024436308172671395,0.653668999671936,0.1304430067539215,19.3538461538
736,11.469166806522715,-2.7687703893778703,-0.02872062617597687,0.3882429897785187,0.050603698939085,24.4702702703
738,10.928886734855624,-3.5281250036318212,-0.04431576486858674,0.4476929903030396,0.06233860179781911,40.512605042
748,11.381465298834762,-3.1375739971905574,-0.04174914726925488,0.3476879894733429,0.0483935996890068,39.7415730337
749,11.067175928979644,-3.7444839098191878,-0.05368952784040587,0.3987070024013519,0.0803105011582374,29.1780821918
752,13.02210639368294,-2.1935700276631316,-0.05079993030223695,0.1049109995365143,0.0425917990505695,15.0
755,12.831885927364134,-2.0213337250979357,-0.03451028800782552,0.1372949928045273,0.0315745994448661,17.4074074074
758,11.816982670179883,-2.9132379765033534,-0.045344737399067914,0.24948400259017942,0.037662599235773,23.2941176471
761,11.794070968032067,-2.7030487279048216,-0.030249939574950035,0.3621320128440857,0.0886301025748252,18.4263157895
763,11.75838584563435,-2.9395430344690396,-0.03707614236520579,0.3517990112304688,0.11007999628782271,15.5952380952
764,11.274700296253968,-2.837051179013841,-0.023892606604572486,0.5592889785766602,0.1291469931602478,21.2252964427
765,11.420081458222455,-3.7690576932057454,-0.06481847890747294,0.3032749891281128,0.0852935016155242,25.8
778,13.535941463207486,-1.5802492317005452,-0.03797913102674888,0.067491702735424,0.030463099479675196,9.58620689655
779,11.274978037366793,-3.3589973310424526,-0.04000133861101901,0.447486013174057,0.1285540014505386,12.1334894614
780,11.071892526474848,-4.020385259512352,-0.0653228551008298,0.3560450077056885,0.0831843987107276,19.8412698413
781,11.415200360475517,-3.3891377989010323,-0.04637537860277646,0.3716639876365662,0.09527280181646341,16.3162055336
782,12.145238046119076,-3.120684887739287,-0.05534378126639894,0.2316499948501587,0.1397749930620193,7.7
783,12.09282498418984,-1.8720622386917896,-0.009508878644332086,0.4147180020809174,0.09963110089302062,17.5431472081
784,11.617356814573249,-3.1062113115568266,-0.04508285590009109,0.30519899725914,0.0545407012104988,30.644859813100002
786,11.455485994282213,-3.4883746848986874,-0.057293149185570935,0.2939110100269318,0.0551250018179416,21.4316546763
790,11.087942720648769,-3.5042352736937374,-0.054051938464637406,0.329338014125824,0.0347623005509376,45.2205882353
796,11.734172343615896,-3.4840396524369623,-0.06979312468975635,0.2199019938707352,0.0470950007438659,23.9638554217
798,11.605273820644285,-3.039072168906415,-0.03580392904619728,0.4032459855079651,0.1473159939050674,11.3411214953
799,11.361607041887517,-2.286589155534827,-0.00992951757119831,0.6580820083618164,0.12159600108861922,21.993442623
800,13.492099692268361,-0.6107746087822008,0.010905929562653682,0.1781460046768188,0.0842638984322547,7.31202046036
801,11.80315133915277,-1.4945619093103453,0.00316875446792797,0.6840320229530334,0.1479309946298599,16.7927710843
802,11.423913706651035,-1.8508491358339683,-0.0002417460353647538,0.8201460242271423,0.1652349978685379,20.4525
803,12.53350846418411,-2.3667463061166814,-0.04135202859035042,0.1641329973936081,0.0358539000153541,17.6907216495
812,13.582792376299132,-1.72820245108554,-0.053693998115508346,0.0544724017381668,0.0357550010085105,6.92307692308
814,12.467105820224887,-1.8771737913543518,-0.015067375584896514,0.2837390005588531,0.0834574997425079,9.12080536913
815,10.787560656168587,-3.0041753698487454,-0.020284988199312626,0.7555429935455322,0.1278569996356964,28.980237154199997
816,12.985179434017319,-0.7258083845779701,0.011154716961377986,0.2972089946269989,0.0857378020882606,10.1384615385
817,12.103185566547012,-2.0740927315454876,-0.015017889902119164,0.398842990398407,0.1319150030612946,13.364583333300002
818,12.390020393856105,-1.92860799253274,-0.015243700256067139,0.3236699998378754,0.1254049986600876,12.476190476200001
819,12.494939561639704,-2.616178045245576,-0.04983301510266491,0.1674890071153641,0.054158098995685494,14.5235294118
820,11.500481608804094,-3.2414117206558117,-0.04331322922910308,0.3691259920597076,0.0949428007006645,22.4895104895
825,12.388091026207022,-3.22309221634859,-0.09125740010622704,0.1213359981775284,0.0450298003852367,10.2341772152
826,11.470916346109512,-3.4763764370293657,-0.054784324990565236,0.3096430003643036,0.0686004012823104,17.9016393443
827,12.157223219338043,-3.332342226321032,-0.06993506370776778,0.19558799266815188,0.1073260009288788,25.3333333333
828,12.314662233724853,-1.1634617884642253,0.0054215323455986675,0.4714860022068024,0.10420099645853041,19.2238267148
829,12.862417208825377,-2.077993856444948,-0.038619882300488184,0.1298139989376068,0.0326794981956481,24.5
830,11.074830433964223,-2.579456230008553,-0.013920203355134886,0.7358490228652954,0.1238259971141815,30.475770925099997
831,10.99522417729515,-3.2907981210037747,-0.03416598723516595,0.5261319875717163,0.0915647000074386,28.8983050847
835,13.4425566514685,-1.5368620767246242,-0.028163387512452454,0.089368000626564,0.0415217988193035,8.67123287671
840,12.976589250814584,-1.4661768395500303,-0.012745419190041074,0.16389399766922,0.0319701991975307,28.7419354839
841,12.139815928366318,-2.79285246104871,-0.04511728129686399,0.22815899550914762,0.0585797987878322,16.4711538462
842,11.358116701528104,-4.0101925160490595,-0.07449492014271705,0.2885850071907043,0.0882316008210182,18.9782608696
843,11.271499419829283,-2.713628119703877,-0.02009867378162966,0.6376270055770874,0.1767590045928955,18.8173374613
844,11.120324747052884,-3.0791463773525862,-0.028689499253808703,0.5565090179443359,0.1183319985866547,23.8125
846,13.388526244940621,-1.2594581807614311,-0.011768926373323774,0.1192649975419044,0.0433662012219429,7.79425837321
849,13.0214276186556,-1.1617155567984945,-0.001833345278669185,0.2059890031814575,0.0530207008123397,21.6666666667
851,13.153314652127222,-0.8344349251549481,0.006809857880734238,0.2236669957637787,0.0632613003253936,16.3255813953
853,12.374516079351302,-2.7339866489658675,-0.056073041310707006,0.1588699966669083,0.0353047996759414,20.1627906977
855,10.077521696657122,-3.9965551557014436,-0.0333018859820749,0.8465240001678467,0.1795500069856644,28.891566265099996
856,11.142171735110942,-2.6689814506093654,-0.01641127962476091,0.6976860165596008,0.1739539951086044,18.171686747
860,13.056437211532831,-1.6661739621043061,-0.019909463660956805,0.1612430065870285,0.0666410997509956,10.9463414634
863,11.820569425197604,-3.1139907775169675,-0.05085888903266261,0.2569270133972168,0.05545509979128829,20.3365384615
864,10.85097042072892,-2.875938577784538,-0.01683066645604342,0.8134660124778748,0.1674109995365143,22.3975903614
869,12.986606298294838,-1.3243793542531108,-0.006081794943872343,0.2058880031108856,0.0616797991096973,14.9617834395
873,12.801304278881396,-2.0835485459544607,-0.03405590614315457,0.1540050059556961,0.0462870001792907,17.3839285714
875,11.209276483259465,-4.004873824839066,-0.0713603955175715,0.3095220029354095,0.0728375017642974,22.9852941176
876,11.515525923263816,-2.327124687857328,-0.013793791718652249,0.5690720081329346,0.10415100306272508,25.655172413800003
877,10.758238593657374,-3.95447963837416,-0.0498003607787971,0.5123249888420105,0.1260959953069687,21.8505154639
878,12.489385846265314,-2.5411702542160484,-0.05039788781479615,0.1525070071220398,0.0331596992909908,25.0153846154
879,12.753558361725787,-2.700035330887225,-0.06024102057303726,0.1433629989624023,0.2309599965810776,15.0
882,12.805205622546069,-2.2733150871918504,-0.04571087573696464,0.1314519941806793,0.0402951017022132,17.1538461538
883,14.124242704299341,-1.150096891665946,-0.07672692398967029,0.0253263004124164,0.0337846018373966,6.0
884,12.867916816492539,-2.1602971113835423,-0.0717648213679018,0.1260319948196411,0.0373287983238697,17.6470588235
887,10.650125548593074,-4.080906239974645,-0.08158403454894175,0.5197960138320923,0.1238029971718788,24.4142857143
888,10.626632767202786,-3.0086536360620713,-0.04738615338685678,0.8594949841499329,0.1390500068664551,33.0901287554
889,10.686682184370078,-3.940875549110551,-0.07823827310286127,0.5204610228538513,0.1068399995565414,22.2259615385
890,11.475334787402154,-3.8695726791915916,-0.09492165354854942,0.3081859946250916,0.1362800002098083,27.216494845400003
891,13.913369329124428,-1.5620082475534893,-0.1711691401445576,0.023004300892353,0.0327452011406421,6.0
892,12.789519296688837,-2.91849666632546,-0.1012206195394211,0.081167496740818,0.047471601516008294,15.0
894,12.010580321510822,-2.9477530534635292,-0.04863797211185977,0.24046699702739718,0.0601716004312038,29.3544303797
899,12.538200382316127,-2.3324347270812176,-0.035605582210200215,0.1995770037174225,0.063444398343563,20.0384615385
905,11.983308911297577,-2.458729303961384,-0.026910683745737407,0.3187659978866577,0.0669671967625618,22.1964285714
910,11.474781852947011,-2.7934267475554293,-0.03201545716941406,0.3533729910850525,0.0400088988244533,46.3977272727
911,11.72861625209098,-3.0487268033171375,-0.0453484328247617,0.2877120077610016,0.05584489926695821,27.6724137931
915,12.611761062105096,-1.0129562371762724,0.0065983717664980235,0.3541209995746613,0.0684828981757164,24.2290076336
916,10.772027334630813,-3.8849053978720463,-0.047278134393774374,0.5270190238952637,0.1349930018186569,22.4937759336
920,12.471995847458096,-2.1429048593756264,-0.027066797746215343,0.2183369994163513,0.0510018989443779,22.3157894737
921,11.607941028973386,-2.5265671021209073,-0.023796755376358947,0.3877950012683868,0.0510560981929302,42.9896907216
922,12.952866619995177,-0.7999654943000216,0.009217054263300217,0.2521679997444153,0.0440099984407424,31.6086956522
923,11.842529187808715,-2.7619678896811877,-0.036279086568537344,0.3000859916210175,0.058785300701856606,30.906976744199998
924,11.190968321718358,-3.376868300192534,-0.05132043467634162,0.3174990117549896,0.0345262996852397,48.2222222222
927,12.803179052462092,-1.4200307374360754,-0.007869545899720554,0.2025379985570908,0.0359296984970569,29.4677419355
935,14.901071849266387,-0.2558270161263394,-0.03290892189020739,0.0042772199958562,0.0379359014332294,3.0
958,12.870668518753888,-2.0600597512258823,-0.035220189952977654,0.1445470005273819,0.046777799725532504,20.3076923077
961,12.96932280137991,-1.888838590449744,-0.03257239163252479,0.1251659989356995,0.0321221984922885,24.5744680851
963,11.662282978176151,-3.2540703253254293,-0.04567625848664841,0.3453480005264282,0.1372130066156387,12.7278688525
964,10.945763647558643,-3.4995994327314293,-0.03941881493344629,0.5146430134773254,0.1011070013046265,25.1538461538
965,11.534984948821638,-2.5390074250115795,-0.02039814480506219,0.4905740022659302,0.09782379865646361,25.515957446799998
968,13.253994164677373,-1.0123724388420001,9.431471949028492e-05,0.1767410039901733,0.0584180988371372,19.0
972,13.634953445673297,-0.7545350736450622,0.004774276463941574,0.1336929947137833,0.0603822991251945,9.54857142857
973,12.010163880780617,-3.042469677414587,-0.05338500648304034,0.226841002702713,0.0568401999771595,19.7045454545
974,12.11993364401959,-2.174329679040188,-0.01941665769064893,0.3336490094661713,0.0743912011384964,20.5714285714
975,12.320727897274317,-2.511332771039985,-0.03532517569652782,0.2428860068321228,0.0877038985490799,11.5871559633
978,11.59419273956604,-3.012181606693545,-0.03969523844322831,0.3375729918479919,0.0628791972994804,32.7878787879
982,12.912462034126115,-1.6362562305904547,-0.018202856020066494,0.1585749983787537,0.0320396982133388,20.1666666667
983,12.173772759636911,-2.42091172755266,-0.029084771785580776,0.2852450013160706,0.0774974003434181,20.1632653061
984,12.818546311155401,-1.591940332955346,-0.011311589921803034,0.2515380084514618,0.1264059990644455,10.7068965517
985,12.708366156430536,-2.370202935355522,-0.041785207356156207,0.1687600016593933,0.0769888013601303,12.6377952756
986,11.702233510421166,-3.1892547961306192,-0.04995582336817961,0.2818349897861481,0.0604665018618106,22.0090909091
993,11.922994809099556,-2.591414678620687,-0.02883182116143379,0.3494659960269928,0.0906219035387039,18.0877192982
994,12.856539013368725,-1.7617041883021152,-0.017763527933386647,0.22092099487781522,0.12404999881982802,10.4366197183
995,11.58095596025408,-3.739850015637451,-0.07449157379252563,0.2405270040035248,0.059389200061559594,18.8780487805
996,11.717389026259994,-3.308022307177545,-0.06444087031162965,0.2153359949588776,0.0333390012383461,27.0361445783
